Canción,Catálogo,Período,Nodos,Vistas,Yield/mes,Auditada
"Loco de Amor",RO-01,1983-1990,1850,78000000,3120,Sí
"La Temperatura",RO-01,1983-1990,1200,58000000,2320,Sí
"Tonto Corazón",RO-01,1983-1990,950,52000000,2080,Sí
"Dos Sonámbulos",RO-01,1983-1990,880,49000000,1960,Sí
"El Baile del Suá Suá",RO-01,1983-1990,640,34000000,1360,Sí
"El Juicio",RO-01,1983-1990,22,2900000,116,No
"No Matarás",RO-01,1983-1990,30,3500000,140,No
"Pagando Mi Ley",RO-01,1983-1990,37,4100000,164,No
"Te Invito a Bailar",RO-01,1983-1990,45,4700000,188,No
"Micharén",RO-01,1983-1990,53,5200000,208,No
"Sisi y Ricardo",RO-01,1983-1990,61,5800000,232,No
"Mentirosa",RO-01,1983-1990,69,6400000,256,No
"La Temperatura",RO-01,1983-1990,77,7000000,280,No
"Un Rincón del Alma",RO-01,1983-1990,85,7600000,304,No
"Sinfonía en Merengue (Instrumental)",RO-01,1983-1990,21,8200000,328,No
"Tonto Corazón",RO-01,1983-1990,24,3400000,136,No
"Weo",RO-01,1983-1990,33,4100000,164,No
"Fiebre",RO-01,1983-1990,42,4700000,188,No
"Tú Posesión",RO-01,1983-1990,50,5400000,216,No
"Al Son de los Tambores",RO-01,1983-1990,59,6100000,244,No
"Bailando Contigo",RO-01,1983-1990,68,6800000,272,No
"La Orquesta de Moda",RO-01,1983-1990,77,7500000,300,No
"Por un Pedazo de Tu Amor",RO-01,1983-1990,86,8200000,328,No
"A Ritmo de Piano",RO-01,1983-1990,94,8900000,356,No
"Vuelve",RO-01,1983-1990,23,9500000,380,No
"Loco de Amor",RO-01,1983-1990,23,3100000,124,No
"Mar de Amores",RO-01,1983-1990,31,3800000,152,No
"Qué Ironía",RO-01,1983-1990,40,4400000,176,No
"Gotas de Fuego",RO-01,1983-1990,48,5000000,200,No
"Me Enamoré",RO-01,1983-1990,56,5700000,228,No
"El Piano Mágico",RO-01,1983-1990,65,6300000,252,No
"Noche de Luna",RO-01,1983-1990,73,7000000,280,No
"No Puedo Olvidarte",RO-01,1983-1990,81,7600000,304,No
"Baila Mi Merengue",RO-01,1983-1990,90,8200000,328,No
"Es Tarde Ya",RO-01,1983-1990,22,8900000,356,No
"Dos Sonámbulos",RO-01,1983-1990,20,2700000,108,No
"Amor de Conuco",RO-01,1983-1990,28,3200000,128,No
"El Baile del Suá Suá",RO-01,1983-1990,35,3700000,148,No
"Cariño Lindo",RO-01,1983-1990,43,4300000,172,No
"El Ritmo de la Noche",RO-01,1983-1990,50,4800000,192,No
"Te Quiero Te Quiero",RO-01,1983-1990,58,5300000,212,No
"Esencia Dominicana",RO-01,1983-1990,65,5900000,236,No
"Juntos de Nuevo",RO-01,1983-1990,73,6400000,256,No
"Piano Sincopado",RO-01,1983-1990,80,7000000,280,No
"Unión Eterna",RO-01,1983-1990,20,7500000,300,No
"El Hijo de la Mazurca",RO-01,1983-1990,19,2400000,96,No
"Raza Latina",RO-01,1983-1990,26,2900000,116,No
"Herencia de Sangre",RO-01,1983-1990,33,3400000,136,No
"El Merengazo",RO-01,1983-1990,40,3900000,156,No
"Nostalgia de Cuco",RO-01,1983-1990,47,4400000,176,No
"Baila Mi Pueblo",RO-01,1983-1990,54,4900000,196,No
"Sabor Antillano",RO-01,1983-1990,61,5400000,216,No
"Te Extraño",RO-01,1983-1990,68,5800000,232,No
"El Son del Piano",RO-01,1983-1990,76,6300000,252,No
"Tambores y Güira",RO-01,1983-1990,19,6800000,272,No
"Un Canto al Caribe",RO-01,1983-1990,26,7300000,292,No
"Te Compro Tu Novia",RO-02,1990-1997,2100,85000000,3400,Sí
"Ring... Ring (El Teléfono)",RO-02,1990-1997,1700,72000000,2880,Sí
"Noche de Bodas",RO-02,1990-1997,820,46000000,1840,Sí
"Cabecita Loca",RO-02,1990-1997,780,43000000,1720,Sí
"Esa Muchacha",RO-02,1990-1997,720,39000000,1560,Sí
"América Sin Queja",RO-02,1990-1997,600,32000000,1280,Sí
"Noche de Bodas",RO-02,1990-1997,29,3900000,156,No
"Solo Ganar",RO-02,1990-1997,39,4600000,184,No
"El Rompecorazones",RO-02,1990-1997,50,5400000,216,No
"Dime Que Sí",RO-02,1990-1997,60,6200000,248,No
"A Fuego Lento",RO-02,1990-1997,71,7000000,280,No
"La Dueña de Mi Piano",RO-02,1990-1997,82,7800000,312,No
"Merengue Caliente",RO-02,1990-1997,92,8600000,344,No
"Falso Amor",RO-02,1990-1997,103,9300000,372,No
"Para Siempre",RO-02,1990-1997,113,10100000,404,No
"Ritmo Violento",RO-02,1990-1997,28,10900000,436,No
"Ring... Ring (El Teléfono)",RO-02,1990-1997,43,5800000,232,No
"Cabecita Loca",RO-02,1990-1997,59,7000000,280,No
"Doy",RO-02,1990-1997,75,8100000,324,No
"Que Vuelva el Amor",RO-02,1990-1997,91,9300000,372,No
"La Chica de la Foto",RO-02,1990-1997,107,10500000,420,No
"Te Vas Conmigo",RO-02,1990-1997,122,11700000,468,No
"Un Toque de Piano",RO-02,1990-1997,138,12800000,512,No
"Corazón de Piedra",RO-02,1990-1997,154,14000000,560,No
"Ritmo de la Calle",RO-02,1990-1997,170,15200000,608,No
"Llamada Perdida",RO-02,1990-1997,42,16400000,656,No
"El Hombre de la Noche",RO-02,1990-1997,31,4300000,172,No
"Todos a Bailar",RO-02,1990-1997,43,5200000,208,No
"Amor de Juventud",RO-02,1990-1997,54,6100000,244,No
"Piano y Corazón",RO-02,1990-1997,66,7000000,280,No
"No Me Dejes Solo",RO-02,1990-1997,77,7900000,316,No
"Fuerza Latina",RO-02,1990-1997,88,8700000,348,No
"El Ritmo Nos Une",RO-02,1990-1997,100,9600000,384,No
"Dulce Amada",RO-02,1990-1997,111,10500000,420,No
"A Todo Tren",RO-02,1990-1997,123,11400000,456,No
"Fiesta Dominicana",RO-02,1990-1997,30,12300000,492,No
"Te Compro Tu Novia",RO-02,1990-1997,36,4800000,192,No
"América Sin Queja",RO-02,1990-1997,49,5800000,232,No
"Pedacito de Patria",RO-02,1990-1997,62,6800000,272,No
"Ganas de Amarte",RO-02,1990-1997,76,7800000,312,No
"El Profesor de Baile",RO-02,1990-1997,89,8700000,348,No
"Mi Piano Romántico",RO-02,1990-1997,102,9700000,388,No
"Bailando el Ritmo",RO-02,1990-1997,115,10700000,428,No
"No Llores Más",RO-02,1990-1997,128,11700000,468,No
"Esclavo de Tu Amor",RO-02,1990-1997,142,12700000,508,No
"Gente Alegre",RO-02,1990-1997,35,13600000,544,No
"Unión de Naciones",RO-02,1990-1997,48,14600000,584,No
"Esa Muchacha",RO-02,1990-1997,24,3400000,136,No
"El Maestro del Ritmo",RO-02,1990-1997,33,4100000,164,No
"Gotas de Nostalgia",RO-02,1990-1997,42,4700000,188,No
"Por Ti Respiro",RO-02,1990-1997,50,5400000,216,No
"Piano Virtuoso",RO-02,1990-1997,59,6100000,244,No
"Amor Oculto",RO-02,1990-1997,68,6800000,272,No
"El Baile de la Noche",RO-02,1990-1997,77,7500000,300,No
"Sentimiento Puro",RO-02,1990-1997,86,8200000,328,No
"Vuelve a Mí",RO-02,1990-1997,94,8900000,356,No
"Fin de Fiesta",RO-02,1990-1997,23,9500000,380,No
"Balada de Amor",RO-02,1990-1997,22,2900000,116,No
"Evolución de Merengue",RO-02,1990-1997,30,3500000,140,No
"El Siglo Termina",RO-02,1990-1997,37,4100000,164,No
"La Chica del Siglo",RO-02,1990-1997,45,4700000,188,No
"Te Dedico Mi Piano",RO-02,1990-1997,53,5200000,208,No
"Amor de Fin de Año",RO-02,1990-1997,61,5800000,232,No
"Ritmo de Fin de Siglo",RO-02,1990-1997,69,6400000,256,No
"Corazón Herido",RO-02,1990-1997,77,7000000,280,No
"Vuelve Mi Amor",RO-02,1990-1997,85,7600000,304,No
"Baila el Nuevo Ritmo",RO-02,1990-1997,21,8200000,328,No
"Camino al Futuro",RO-02,1990-1997,29,8800000,352,No
"Bachata de Amargue",RO-03,2001,14,1900000,76,No
"Corazón Partido",RO-03,2001,20,2300000,92,No
"Guitarra Amarga",RO-03,2001,25,2700000,108,No
"Lágrimas de Amor",RO-03,2001,30,3100000,124,No
"Mi Niña Consentida",RO-03,2001,36,3500000,140,No
"Por un Te Quiero",RO-03,2001,41,3900000,156,No
"Te Extraño Tanto",RO-03,2001,46,4300000,172,No
"Amor de Cuerdas",RO-03,2001,51,4700000,188,No
"Falso Juramento",RO-03,2001,57,5100000,204,No
"Baila Mi Bachata",RO-03,2001,14,5500000,220,No
"Despedida de Amor",RO-03,2001,19,5800000,232,No
"En Tierra Ajena",RO-04,2005-2007,17,2400000,96,No
"Nostalgia de Mi Pueblo",RO-04,2005-2007,23,2900000,116,No
"Lejos de Casa",RO-04,2005-2007,29,3400000,136,No
"Un Canto a Nueva York",RO-04,2005-2007,35,3900000,156,No
"El Viajero Dominicano",RO-04,2005-2007,41,4400000,176,No
"Recuerdos de Quisqueya",RO-04,2005-2007,48,4900000,196,No
"Mi Piano en la Distancia",RO-04,2005-2007,54,5400000,216,No
"Cartas de Amor",RO-04,2005-2007,60,5800000,232,No
"Sabor de Patria",RO-04,2005-2007,66,6300000,252,No
"El Regreso",RO-04,2005-2007,16,6800000,272,No
"El Duro",RO-04,2005-2007,16,2200000,88,No
"Mambo del Piano",RO-04,2005-2007,21,2600000,104,No
"Merengue de la Calle",RO-04,2005-2007,27,3100000,124,No
"La Fuerza del Ritmo",RO-04,2005-2007,33,3500000,140,No
"Con el Piano Encendido",RO-04,2005-2007,38,3900000,156,No
"Gozadera Total",RO-04,2005-2007,44,4400000,176,No
"El Ritmo No Muere",RO-04,2005-2007,50,4800000,192,No
"A Corazón Abierto",RO-04,2005-2007,56,5300000,212,No
"Baila Sin Parar",RO-04,2005-2007,61,5700000,228,No
"Sabor Callejero",RO-04,2005-2007,15,6100000,244,No
"Fin del Mambo",RO-04,2005-2007,21,6600000,264,No
"Adoración en el Trono",RO-05,2014,8,1200000,48,No
"Canto de Alabanza",RO-05,2014,11,1500000,60,No
"Ante Ti Señor",RO-05,2014,15,1700000,68,No
"Gracias por Tu Amor",RO-05,2014,18,1900000,76,No
"Piano Celestial",RO-05,2014,21,2200000,88,No
"Fe y Esperanza",RO-05,2014,24,2400000,96,No
"Alaba a Dios",RO-05,2014,27,2700000,108,No
"En Tu Presencia",RO-05,2014,30,2900000,116,No
"Canto de Victoria",RO-05,2014,33,3200000,128,No
"Oración Final",RO-05,2014,8,3400000,136,No
"El Tiki Tiki del Amor",RO-06,2021-2026,680,36000000,1440,Sí
"Crónicas del Día a Día",RO-06,2021-2026,12,1700000,68,No
"El Baile de la Vida",RO-06,2021-2026,16,2000000,80,No
"Volver a Empezar",RO-06,2021-2026,21,2400000,96,No
"Abrazo Virtual",RO-06,2021-2026,25,2700000,108,No
"Piano de la Esperanza",RO-06,2021-2026,30,3100000,124,No
"Historias del Pueblo",RO-06,2021-2026,34,3400000,136,No
"Canto de Fe",RO-06,2021-2026,38,3700000,148,No
"Un Nuevo Despertar",RO-06,2021-2026,43,4100000,164,No
"Ritmo Sanador",RO-06,2021-2026,47,4400000,176,No
"Unidos por el Ritmo",RO-06,2021-2026,12,4800000,192,No
"Cierre de Crónicas",RO-06,2021-2026,16,5100000,204,No
"El Tiki Tiki del Amor",RO-06,2021-2026,18,2400000,96,No
"Aunque No Quisieran",RO-06,2021-2026,25,2900000,116,No
"El Merengue Vive",RO-06,2021-2026,31,3400000,136,No
"Colaboración de Oro",RO-06,2021-2026,38,3900000,156,No
"Piano Moderno",RO-06,2021-2026,44,4400000,176,No
"Ritmo de la Nueva Ola",RO-06,2021-2026,51,4900000,196,No
"Sencillo de Corazón",RO-06,2021-2026,58,5400000,216,No
"Amor Digital",RO-06,2021-2026,64,5800000,232,No
"Mambo 2026",RO-06,2021-2026,71,6300000,252,No
"Raíces y Futuro",RO-06,2021-2026,17,6800000,272,No
"El Legado Sigue",RO-06,2021-2026,24,7300000,292,No
"Canto de Oro (Final de Antología)",RO-06,2021-2026,31,7800000,312,No