canal,titulo,url,fecha,vistas,vph,usd
Ramón Orlando Oficial,Ramón Orlando – No Hay Nadie Más,https://www.youtube.com/watch?v=lhytk5utcmo&list=RDlhytk5utcmo&start_radio=1&pp=ygUgbm8gaGF5IG5hZGllIG1hcyAtIHJhbW9uIG9ybGFuZG-gBwE%3D,hace 4 m,240000.0,27.4,833.31
Berna Marie,Ramon Orlando - No hay nadie mas,https://www.youtube.com/watch?v=QRnohrUZDFY&list=RDQRnohrUZDFY&start_radio=1&pp=ygUgbm8gaGF5IG5hZGllIG1hcyAtIHJhbW9uIG9ybGFuZG-gBwE%3D,hace 14 a,10000000.0,1141.55,34721.06
Ramón Orlando - Topic,No Hay Nadie Más,https://www.youtube.com/watch?v=7iNHdpychlo&list=RD7iNHdpychlo&start_radio=1&pp=ygUgbm8gaGF5IG5hZGllIG1hcyAtIHJhbW9uIG9ybGFuZG-gBwE%3D,---,6100.0,0.7,21.18
Terremoto Musical,Ramón Orlando - No Hay Nadie Más - REMASTERIZADO - PARA MUSICOLOGOS,https://www.youtube.com/watch?v=_8DeocHcrrQ&list=RD_8DeocHcrrQ&start_radio=1&pp=ygUgbm8gaGF5IG5hZGllIG1hcyAtIHJhbW9uIG9ybGFuZG-gBwE%3D,hace 2 a,37000.0,4.22,128.47
ChipeomundialATL,No hay nadie más ramon Orlando remasterizado en vivo para musicólogos,https://www.youtube.com/watch?v=p3JiweLTwuo&list=RDp3JiweLTwuo&start_radio=1&pp=ygUgbm8gaGF5IG5hZGllIG1hcyAtIHJhbW9uIG9ybGFuZG-gBwE%3D,hace 2 sem.,2400.0,7.14,8.33
Ramón Orlando - Topic,No Hay Nadie Más,https://www.youtube.com/watch?v=rIkcWxoVrvc&list=RDrIkcWxoVrvc&start_radio=1&pp=ygUgbm8gaGF5IG5hZGllIG1hcyAtIHJhbW9uIG9ybGFuZG-gBwE%3D,---,26000.0,2.97,90.27
Yury Eduardo Calderón,No hay nadie más interpretado por Ramón Orlando,https://www.youtube.com/watch?v=IqfLCSV77tw&list=RDIqfLCSV77tw&start_radio=1&pp=ygUgbm8gaGF5IG5hZGllIG1hcyAtIHJhbW9uIG9ybGFuZG-gBwE%3D,hace 6 a,52000.0,5.94,180.55
Chamakiito93,RAMON ORLANDO Y LA INTERNACIONAL - No Hay Nadie Mas (90's),https://www.youtube.com/watch?v=A-Jiq-osn_Q&list=RDA-Jiq-osn_Q&start_radio=1&pp=ygUgbm8gaGF5IG5hZGllIG1hcyAtIHJhbW9uIG9ybGFuZG-gBwE%3D,hace 5 a,42000.0,4.79,145.83
Anthony Ventura,Ramón Orlando No Hay Nadie Más Letras,https://www.youtube.com/watch?v=3g9gvbOA5cU&list=RD3g9gvbOA5cU&start_radio=1&pp=ygUgbm8gaGF5IG5hZGllIG1hcyAtIHJhbW9uIG9ybGFuZG-gBwHSBwkJAwsBhyohjO8%3D,hace 1 a,5300.0,0.61,18.4
El Pilo Tv RD,El Sujeto Oro 24 - No Hay Nadie Mas Para Sustituirte ( EN VIVO ) ￼,https://www.youtube.com/watch?v=oP1E1xkjvyU&list=RDoP1E1xkjvyU&start_radio=1&pp=ygUgbm8gaGF5IG5hZGllIG1hcyAtIHJhbW9uIG9ybGFuZG-gBwE%3D,hace 5 m,24000.0,2.74,83.33
Merengue y Memorias,Ramon Orlando - No Hay Nadie Mas (En Vivo),https://www.youtube.com/watch?v=sZ99Ddpt8Do&list=RDsZ99Ddpt8Do&start_radio=1&pp=ygUgbm8gaGF5IG5hZGllIG1hcyAtIHJhbW9uIG9ybGFuZG-gBwE%3D,hace 1 a,740.0,0.08,2.57
Ramón Orlando - Topic,Mas,https://www.youtube.com/watch?v=-X7CPJn4AAc&list=RD-X7CPJn4AAc&start_radio=1&pp=ygUgbm8gaGF5IG5hZGllIG1hcyAtIHJhbW9uIG9ybGFuZG-gBwE%3D,---,3500000.0,399.54,12152.37
Chamakiito93,RAMON ORLANDO Y LA INTERNACIONAL - Gotas De Pena - No Hay Nadie Mas (90's),https://www.youtube.com/watch?v=mf2n1Qle4KM&list=RDmf2n1Qle4KM&start_radio=1&pp=ygUgbm8gaGF5IG5hZGllIG1hcyAtIHJhbW9uIG9ybGFuZG-gBwE%3D,hace 11 a,447000.0,51.03,1552.03
Chamakiito93,RAMON ORLANDO Y LA INTERNACIONAL - Mas (90's),https://www.youtube.com/watch?v=ncAgNMLAGKY&list=RDncAgNMLAGKY&start_radio=1&pp=ygUgbm8gaGF5IG5hZGllIG1hcyAtIHJhbW9uIG9ybGFuZG-gBwE%3D,hace 12 a,292000.0,33.33,1013.85
Ramón Orlando Valoy,7-Ramon Orlando-Rondando Tu Esquina.,https://www.youtube.com/watch?v=vBrf8sb5WRE&list=RDvBrf8sb5WRE&start_radio=1&pp=ygUgbm8gaGF5IG5hZGllIG1hcyAtIHJhbW9uIG9ybGFuZG-gBwE%3D,hace 14 a,861000.0,98.29,2989.48
etelot,Ramon Orlando--No Hay Nadie Más,https://www.youtube.com/watch?v=OQjgcLJyZx4&list=RDOQjgcLJyZx4&start_radio=1&pp=ygUgbm8gaGF5IG5hZGllIG1hcyAtIHJhbW9uIG9ybGFuZG-gBwE%3D,hace 14 a,34000.0,3.88,118.05
Los Vecinos - Topic,No Hay Nadie Mas (No Hay Nadie Mas para Sustituirte),https://www.youtube.com/watch?v=9O4eJUNQnAI&list=RD9O4eJUNQnAI&start_radio=1&pp=ygUgbm8gaGF5IG5hZGllIG1hcyAtIHJhbW9uIG9ybGFuZG-gBwE%3D,---,19000.0,2.17,65.97
DJ Henry Muñoz,Los Vecinos - No Hay Nadie Mas,https://www.youtube.com/watch?v=wImnv6VzIsg&list=RDwImnv6VzIsg&start_radio=1&pp=ygUgbm8gaGF5IG5hZGllIG1hcyAtIHJhbW9uIG9ybGFuZG-gBwE%3D,hace 9 a,34000.0,3.88,118.05
JN Music Group,No Hay NADIE Más 😎 - Ramon Orlando [Video Live],https://www.youtube.com/watch?v=y0zQO-LMAQM&list=RDy0zQO-LMAQM&start_radio=1&pp=ygUgbm8gaGF5IG5hZGllIG1hcyAtIHJhbW9uIG9ybGFuZG-gBwE%3D,hace 8 a,373000.0,42.58,1295.1
Family D León,"No hay Nadie mas, letras ( Ramon Orlando )",https://www.youtube.com/watch?v=mjI6fXbsaDE&list=RDmjI6fXbsaDE&start_radio=1&pp=ygUgbm8gaGF5IG5hZGllIG1hcyAtIHJhbW9uIG9ybGFuZG-gBwE%3D,hace 3 m,255.0,0.03,0.89
JavierAriasx3,Sujeto oro 24 - No hay nadie más,https://www.youtube.com/watch?v=maXqKQF6tug&list=RDmaXqKQF6tug&start_radio=1&pp=ygUgbm8gaGF5IG5hZGllIG1hcyAtIHJhbW9uIG9ybGFuZG-gBwE%3D,hace 5 m,21000.0,2.4,72.91
SalsaMerengon,RAMÓN ORLANDO & LA Orquesta Internacional Éxitos,https://www.youtube.com/watch?v=_ZHxZE71Mlc&list=RD_ZHxZE71Mlc&start_radio=1&pp=ygUgbm8gaGF5IG5hZGllIG1hcyAtIHJhbW9uIG9ybGFuZG-gBwE%3D,hace 2 a,104000.0,11.87,361.1
Ludo Karaokes,Karaoke No hay nadie mas/Ramon Orlando,https://www.youtube.com/watch?v=FUgMrT9SAdk&list=RDFUgMrT9SAdk&start_radio=1&pp=ygUgbm8gaGF5IG5hZGllIG1hcyAtIHJhbW9uIG9ybGFuZG-gBwE%3D,hace 4 a,17000.0,1.94,59.03
10 PREGUNTAS CON JUNIOR CABRERA,Ramon Orlando -BALADA DE AMOR- Feat Maridalia Hernandez,https://www.youtube.com/watch?v=NFc2vOLf8Zo&list=RDNFc2vOLf8Zo&start_radio=1&pp=ygUgbm8gaGF5IG5hZGllIG1hcyAtIHJhbW9uIG9ybGFuZG-gBwE%3D,hace 1 a,595000.0,67.92,2065.9
10 PREGUNTAS CON JUNIOR CABRERA,MANNY CRUZ-NO HAY NADIE MAS -LOS 10 MEJORES MAMBOS DEL MERENGUE 2,https://www.youtube.com/watch?v=yOmH8W4pQPM&list=RDyOmH8W4pQPM&start_radio=1&pp=ygUgbm8gaGF5IG5hZGllIG1hcyAtIHJhbW9uIG9ybGFuZG-gBwE%3D,hace 1 a,11000.0,1.26,38.19
HV STUDIO,No hay nadie más Ramon Orlando en Vivo,https://www.youtube.com/watch?v=gLA1MYqYeXY&pp=ygUgbm8gaGF5IG5hZGllIG1hcyAtIHJhbW9uIG9ybGFuZG8%3D,hace 4 a,1500.0,0.17,5.21
PlanetaMusical,LEONEL FERNÁNDEZ NO HAY NADIE MAS RAMÓN ORLANDO PLD RAFA,https://www.youtube.com/watch?v=4n0UBlFPizU&pp=ygUgbm8gaGF5IG5hZGllIG1hcyAtIHJhbW9uIG9ybGFuZG8%3D,hace 18 a,52000.0,5.94,180.55
"El charly H,D",Ramon Orlando. no hay nadie mas,https://www.youtube.com/watch?v=N-jUQRTxtcI&list=RDN-jUQRTxtcI&start_radio=1&pp=ygUgbm8gaGF5IG5hZGllIG1hcyAtIHJhbW9uIG9ybGFuZG-gBwE%3D,hace 6 a,82.0,0.01,0.28
Ronald mayser Pereira,NO HAY NADIE MAS RAMON ORLANDO KARAOKE,https://www.youtube.com/watch?v=uQQjQc5OiJo&pp=ygUgbm8gaGF5IG5hZGllIG1hcyAtIHJhbW9uIG9ybGFuZG8%3D,hace 11 a,2000.0,0.23,6.94
Release - Topic,No Hay Nadie Mas (Made Popular By Ramon Orlando) [Karaoke Version],https://www.youtube.com/watch?v=L1SUGHkkLCM&list=RDL1SUGHkkLCM&start_radio=1&pp=ygUgbm8gaGF5IG5hZGllIG1hcyAtIHJhbW9uIG9ybGFuZG-gBwE%3D,---,2600.0,0.3,9.03
andres avelino nieves espaillat (Tito nieves),ramon orlando no hay nadie mas,https://www.youtube.com/watch?v=l7UaKUvZYsA&list=RDl7UaKUvZYsA&start_radio=1&pp=ygUgbm8gaGF5IG5hZGllIG1hcyAtIHJhbW9uIG9ybGFuZG-gBwE%3D,hace 3 a,2100.0,0.24,7.29
The New York Band,THE NEW YORK BAND Nadie Como Tú Merengue 1990,https://www.youtube.com/watch?v=_o5IAbvtkUM&list=RD_o5IAbvtkUM&start_radio=1&pp=ygUgbm8gaGF5IG5hZGllIG1hcyAtIHJhbW9uIG9ybGFuZG-gBwE%3D,hace 6 a,22000000.0,2511.42,76386.33
Mis Discografias,Sergio Vargas - No Eres Una Mas (1992),https://www.youtube.com/watch?v=YVyO0aC9YPg&list=RDYVyO0aC9YPg&start_radio=1&pp=ygUgbm8gaGF5IG5hZGllIG1hcyAtIHJhbW9uIG9ybGFuZG-gBwHSBwkJAwsBhyohjO8%3D,hace 6 a,598000.0,68.26,2076.32
Chamakiito93,RAMON ORLANDO Y LA INTERNACIONAL - Si Tu Piensas Que No Te Amo (80's),https://www.youtube.com/watch?v=W8gkDaX3VfQ&list=RDW8gkDaX3VfQ&start_radio=1&pp=ygUgbm8gaGF5IG5hZGllIG1hcyAtIHJhbW9uIG9ybGFuZG-gBwE%3D,hace 12 a,424000.0,48.4,1472.17
PaChAnGuErO gT,Ramon Orlando - No Hay Nadie Más En Vivo,https://www.youtube.com/watch?v=Pk-FIj8EQl8&list=RDPk-FIj8EQl8&start_radio=1&pp=ygUgbm8gaGF5IG5hZGllIG1hcyAtIHJhbW9uIG9ybGFuZG-gBwE%3D,hace 3 a,212.0,0.02,0.74
mrhernan,ramon orlando no hay nadie mas karaoke,https://www.youtube.com/watch?v=DIorYpl4VsY&list=RDDIorYpl4VsY&start_radio=1&pp=ygUgbm8gaGF5IG5hZGllIG1hcyAtIHJhbW9uIG9ybGFuZG-gBwE%3D,hace 17 a,51000.0,5.82,177.08
DJ-THOLE,RAMON ORLANDO | RUBBY PEREZ SERGIO VARGAS | EL ZAFIRO | MERENGUE MIX |DJ THOLE,https://www.youtube.com/watch?v=Mrp7JJliLvM&list=RDMrp7JJliLvM&start_radio=1&pp=ygUgbm8gaGF5IG5hZGllIG1hcyAtIHJhbW9uIG9ybGFuZG-gBwE%3D,hace 2 a,975000.0,111.3,3385.3
DJ-THOLE,RUBBY PEREZ RAMON ORLANDO FERNANDO VILLALONA MERENGUE MIX DJ THOLE,https://www.youtube.com/watch?v=tGMRclORgY8&list=RDtGMRclORgY8&start_radio=1&pp=ygUgbm8gaGF5IG5hZGllIG1hcyAtIHJhbW9uIG9ybGFuZG-gBwE%3D,hace 10 m,899000.0,102.63,3121.42
Karen Records,Ramón Orlando - Te Compro Tu Novia (Bad Bunny Playlist),https://www.youtube.com/watch?v=fMMj6pL8Jzk&list=RDfMMj6pL8Jzk&start_radio=1&pp=ygUgbm8gaGF5IG5hZGllIG1hcyAtIHJhbW9uIG9ybGFuZG-gBwE%3D,hace 5 a,84000000.0,9589.04,291656.89
edwin rodriguez,Hecha Para Mi - Ramon Orlando,https://www.youtube.com/watch?v=BMrqp_ma2Ns&list=RDBMrqp_ma2Ns&start_radio=1&pp=ygUgbm8gaGF5IG5hZGllIG1hcyAtIHJhbW9uIG9ybGFuZG-gBwE%3D,hace 14 a,255000.0,29.11,885.39
PlataformaMusic,"RAMÓN ORLANDO, SERGIO VARGAS Y FERNANDITO VILLALONA PLD LEÓN",https://www.youtube.com/watch?v=3jegyoE5XFo&list=RD3jegyoE5XFo&start_radio=1&pp=ygUgbm8gaGF5IG5hZGllIG1hcyAtIHJhbW9uIG9ybGFuZG-gBwE%3D,hace 18 a,188000.0,21.46,652.76
Milimar Medina,Ramon Orlando 'No hay nadie mas' en Noche de Reencuentros,https://www.youtube.com/watch?v=lzh3n3KrfvM&list=RDlzh3n3KrfvM&start_radio=1&pp=ygUgbm8gaGF5IG5hZGllIG1hcyAtIHJhbW9uIG9ybGFuZG-gBwE%3D,hace 3 a,380.0,0.04,1.32
Domingo De Peña,"No hay Nadie Más, Ramón Orlando en Vivo",https://www.youtube.com/watch?v=Vsl_0XFgfUI&list=RDVsl_0XFgfUI&start_radio=1&pp=ygUgbm8gaGF5IG5hZGllIG1hcyAtIHJhbW9uIG9ybGFuZG-gBwE%3D,hace 1 a,39.0,0.0,0.14
Wilton Oltmanns,2 . Ramon Orlando - Merengue No hay nadie mas - En vivo desde El Club Los prados,https://www.youtube.com/watch?v=UyeOc_M1T-E&pp=ygUgbm8gaGF5IG5hZGllIG1hcyAtIHJhbW9uIG9ybGFuZG8%3D,hace 9 a,1700.0,0.19,5.9
DJ Intokable,Ramón Orlando | No Hay Nadie Mas (Bachata) (Video Año 2008),https://www.youtube.com/watch?v=TM1vte0hBX4&pp=ygUgbm8gaGF5IG5hZGllIG1hcyAtIHJhbW9uIG9ybGFuZG8%3D,hace 1 a,139.0,0.02,0.48
fidosax77,intro y mambo de No hay nadie mas de Ramon Orlando,https://www.youtube.com/watch?v=maShL60bQME&list=RDmaShL60bQME&start_radio=1&pp=ygUgbm8gaGF5IG5hZGllIG1hcyAtIHJhbW9uIG9ybGFuZG-gBwE%3D,hace 5 a,525.0,0.06,1.82
L.R.E. = Sonny Veras,RAMON ORLANDO - NO HAY NADIE MAS (1989) L.R.E.,https://www.youtube.com/watch?v=wWsifm5JNws&list=RDwWsifm5JNws&start_radio=1&pp=ygUgbm8gaGF5IG5hZGllIG1hcyAtIHJhbW9uIG9ybGFuZG-gBwHSBwkJAwsBhyohjO8%3D,hace 2 a,1600.0,0.18,5.56
Puro Grupero,Ramon Orlando...No hay nadie mas...,https://www.youtube.com/watch?v=3WXv6S1ctKI&list=RD3WXv6S1ctKI&start_radio=1&pp=ygUgbm8gaGF5IG5hZGllIG1hcyAtIHJhbW9uIG9ybGFuZG-gBwE%3D,hace 3 sem.,48.0,0.1,0.17
Ramón Orlando - Topic,No Hay Nadie Mas,https://www.youtube.com/watch?v=4GaMbPcUcZo&list=RD4GaMbPcUcZo&start_radio=1&pp=ygUgbm8gaGF5IG5hZGllIG1hcyAtIHJhbW9uIG9ybGFuZG-gBwE%3D,---,1100.0,0.13,3.82
Elgalan718,FERNANDO VILLALONA con RAMON ORLANDO (1984) - Se Que Te Perdi,https://www.youtube.com/watch?v=lB3l6VHZ_PU&list=RDlB3l6VHZ_PU&start_radio=1&pp=ygUgbm8gaGF5IG5hZGllIG1hcyAtIHJhbW9uIG9ybGFuZG-gBwHSBwkJAwsBhyohjO8%3D,hace 16 a,5000000.0,570.78,17360.53
Ruleta Digital,"SUJETO ORO 24, NO HAY NADIE MÁS EN VIVO 🫡 #atrincherados #Ruletadigital",https://www.youtube.com/watch?v=So_pr1siVbE&list=RDSo_pr1siVbE&start_radio=1&pp=ygUgbm8gaGF5IG5hZGllIG1hcyAtIHJhbW9uIG9ybGFuZG-gBwE%3D,hace 5 m,1000.0,0.11,3.47
10 PREGUNTAS CON JUNIOR CABRERA,Ramon Orlando -TE JURO QUE TE QUIERO- Feat Nathalie Hazim,https://www.youtube.com/watch?v=RB-WULuSV3A&list=RDRB-WULuSV3A&start_radio=1&pp=ygUgbm8gaGF5IG5hZGllIG1hcyAtIHJhbW9uIG9ybGFuZG-gBwE%3D,hace 1 a,212000.0,24.2,736.09
Merengue Forever Oficial,"Ramón Orlando ""No hay nadie más"" en vivo.",https://www.youtube.com/watch?v=KMEfXUety8E&pp=ygUgbm8gaGF5IG5hZGllIG1hcyAtIHJhbW9uIG9ybGFuZG8%3D,hace 3 a,57.0,0.01,0.2
Pistas Karaoke Show,RAMON ORLANDO - NO HAY NADIE MAS PISTA KARAOKE DEMOS,https://www.youtube.com/watch?v=nf_itBKTYmw&pp=ygUgbm8gaGF5IG5hZGllIG1hcyAtIHJhbW9uIG9ybGFuZG8%3D,hace 6 a,271.0,0.03,0.94
ingivanangulo,Ramón Orlando - No hay nadie más - www.damedato.net,https://www.youtube.com/watch?v=oFPNjO9_QYo&pp=ygUgbm8gaGF5IG5hZGllIG1hcyAtIHJhbW9uIG9ybGFuZG8%3D,hace 15 a,1100.0,0.13,3.82
El Mambo De Chala,EL PATIO DE CHALA | RAMON ORLANDO-NO HAY NADIE MAS,https://www.youtube.com/watch?v=dcLvpCvbc_4&list=RDdcLvpCvbc_4&start_radio=1&pp=ygUgbm8gaGF5IG5hZGllIG1hcyAtIHJhbW9uIG9ybGFuZG-gBwE%3D,hace 1 a,344.0,0.04,1.19
Chamakiito93,RAMON ORLANDO Y LA INTERNACIONAL - No Me Importa No (80's),https://www.youtube.com/watch?v=fRrP7ZRG6Hc&list=RDfRrP7ZRG6Hc&start_radio=1&pp=ygUgbm8gaGF5IG5hZGllIG1hcyAtIHJhbW9uIG9ybGFuZG-gBwE%3D,hace 11 a,808000.0,92.24,2805.46
elvacilondominicano,Ramon Orlando No Hay Nadie Mas,https://www.youtube.com/watch?v=YTifLpNLX14&pp=ygUgbm8gaGF5IG5hZGllIG1hcyAtIHJhbW9uIG9ybGFuZG8%3D,hace 18 a,8000.0,0.91,27.78
richard marcell,Ramon Orlando (No hay nadie mas),https://www.youtube.com/watch?v=4O5fdZP7WmA&pp=ygUgbm8gaGF5IG5hZGllIG1hcyAtIHJhbW9uIG9ybGFuZG8%3D,hace 17 a,5400.0,0.62,18.75
Musica Variada,Ramón Orlando - No Hay Nadie Más,https://www.youtube.com/watch?v=HFkvZfVhJFo&list=RDHFkvZfVhJFo&start_radio=1&pp=ygUgbm8gaGF5IG5hZGllIG1hcyAtIHJhbW9uIG9ybGFuZG-gBwE%3D,hace 1 a,9.0,0.0,0.03
Ramón Orlando - Topic,No Hay Nadie Mas,https://www.youtube.com/watch?v=5N1mYLgzqM4&list=RD5N1mYLgzqM4&start_radio=1&pp=ygUgbm8gaGF5IG5hZGllIG1hcyAtIHJhbW9uIG9ybGFuZG-gBwE%3D,---,646.0,0.07,2.24
ricardo hernandez,socio2020 Ramon Orlando no hay nadie mas,https://www.youtube.com/watch?v=_g301z7Yf5k&list=RD_g301z7Yf5k&start_radio=1&pp=ygUgbm8gaGF5IG5hZGllIG1hcyAtIHJhbW9uIG9ybGFuZG-gBwE%3D,hace 13 a,179.0,0.02,0.62
MUSICA VARIADA by Dj MAIAMI,Ramon Orlando - No Hay Nadie Mas,https://www.youtube.com/watch?v=VGugY5sI9aI&list=RDVGugY5sI9aI&start_radio=1&pp=ygUgbm8gaGF5IG5hZGllIG1hcyAtIHJhbW9uIG9ybGFuZG-gBwE%3D,hace 6 a,152.0,0.02,0.53
DJ Intokable,Ramón Orlando | No Hay Nadie Mas (1989),https://www.youtube.com/watch?v=WSKSfSU196c&list=RDWSKSfSU196c&start_radio=1&pp=ygUgbm8gaGF5IG5hZGllIG1hcyAtIHJhbW9uIG9ybGFuZG-gBwE%3D,hace 5 m,401.0,0.05,1.39
Francisco Vasquez,Ramon Orlando Cabesita Loca (Merengue),https://www.youtube.com/watch?v=T0XxHVyReuU&list=RDT0XxHVyReuU&start_radio=1&pp=ygUgbm8gaGF5IG5hZGllIG1hcyAtIHJhbW9uIG9ybGFuZG-gBwE%3D,hace 15 a,396000.0,45.21,1374.95
María dj,RAMON ORLANDO -NO HAY NADIE MAS,https://www.youtube.com/watch?v=giLShZ4VAhA&list=RDgiLShZ4VAhA&start_radio=1&pp=ygUgbm8gaGF5IG5hZGllIG1hcyAtIHJhbW9uIG9ybGFuZG-gBwE%3D,hace 5 a,120.0,0.01,0.42
Fundación Refidomsa,No Hay Nadie Más - Ramón Orlando,https://www.youtube.com/watch?v=J_gkPy4IjQw&list=RDJ_gkPy4IjQw&start_radio=1&pp=ygUgbm8gaGF5IG5hZGllIG1hcyAtIHJhbW9uIG9ybGFuZG-gBwE%3D,hace 5 a,463.0,0.05,1.61
Joel Diaz M (ToltoloHQ),Ramon Orlando - No hay nadie mas,https://www.youtube.com/watch?v=OXgTuP30tNg&list=RDOXgTuP30tNg&start_radio=1&pp=ygUgbm8gaGF5IG5hZGllIG1hcyAtIHJhbW9uIG9ybGFuZG-gBwE%3D,hace 14 a,1200.0,0.14,4.17
10 PREGUNTAS CON JUNIOR CABRERA,Rubby Perez & Ramon Orlando- VOLVERE,https://www.youtube.com/watch?v=-OAiQUJQBD8&list=RD-OAiQUJQBD8&start_radio=1&pp=ygUgbm8gaGF5IG5hZGllIG1hcyAtIHJhbW9uIG9ybGFuZG-gBwE%3D,hace 1 a,976000.0,111.42,3388.78
72Joelly,RAMON ORLANDO NO HAY NADIE MAS,https://www.youtube.com/watch?v=MZtjhNG8PyM&pp=ygUgbm8gaGF5IG5hZGllIG1hcyAtIHJhbW9uIG9ybGFuZG8%3D,hace 13 a,169.0,0.02,0.59
marranamia,No Hay Nadie Mas Ramon Orlando,https://www.youtube.com/watch?v=hklRvu51C3g&list=RDhklRvu51C3g&start_radio=1&pp=ygUgbm8gaGF5IG5hZGllIG1hcyAtIHJhbW9uIG9ybGFuZG-gBwE%3D,hace 10 a,836.0,0.1,2.9
ernisdls,Ramon Orlando- No Hay Nadie Mas (En Vivo),https://www.youtube.com/watch?v=PEQky_u00mg&list=RDPEQky_u00mg&start_radio=1&pp=ygUgbm8gaGF5IG5hZGllIG1hcyAtIHJhbW9uIG9ybGFuZG-gBwHSBwkJAwsBhyohjO8%3D,hace 9 a,638.0,0.07,2.22
Enmanuel Vargas Gómez,Ramon Orlando - No hay nadie mas para sustituirte,https://www.youtube.com/watch?v=gd71r7_dXCE&list=RDgd71r7_dXCE&start_radio=1&pp=ygUgbm8gaGF5IG5hZGllIG1hcyAtIHJhbW9uIG9ybGFuZG-gBwE%3D,hace 5 a,144.0,0.02,0.5
JUNTE SALSEROS DJ FERRY,No hay nadie mas RAMON ORLANDO,https://www.youtube.com/watch?v=Fr0UMbINOGg&list=RDFr0UMbINOGg&start_radio=1&pp=ygUgbm8gaGF5IG5hZGllIG1hcyAtIHJhbW9uIG9ybGFuZG-gBwE%3D,hace 5 a,12.0,0.0,0.04
Lisangels Music Unlimited,no hay nadie mas /cover/ramon orlando,https://www.youtube.com/watch?v=Akef9l2ub38&list=RDAkef9l2ub38&start_radio=1&pp=ygUgbm8gaGF5IG5hZGllIG1hcyAtIHJhbW9uIG9ybGFuZG-gBwE%3D,hace 1 a,29.0,0.0,0.1
DJ YOELITO ALMONTE EL LEON DE LA MÚSICA«🎺🎷,01.-NO HAY NADIE MÁS»{Canta Ramón Orlando Valoy»«🆚📀🔊»«Merengue🎺},https://www.youtube.com/watch?v=rX7_LnooJyQ&list=RDrX7_LnooJyQ&start_radio=1&pp=ygUgbm8gaGF5IG5hZGllIG1hcyAtIHJhbW9uIG9ybGFuZG-gBwE%3D,hace 10 m,57.0,0.01,0.2
Ramón Orlando Valoy,1-Ramon Orlando y Maledy: Balada de Amor (Parte 1)-Nuestro Amor,https://www.youtube.com/watch?v=9RpUL81vjPY&list=RD9RpUL81vjPY&start_radio=1&pp=ygUgbm8gaGF5IG5hZGllIG1hcyAtIHJhbW9uIG9ybGFuZG-gBwE%3D,hace 14 a,670000.0,76.48,2326.31
Leni Del Rosario,Ramón Orlando no hay nadie más video volumen 1.1 Gracias amigos en estos tiempos difíciles 💎💎💎💎,https://www.youtube.com/watch?v=O-xIS25kbfc&list=RDO-xIS25kbfc&start_radio=1&pp=ygUgbm8gaGF5IG5hZGllIG1hcyAtIHJhbW9uIG9ybGFuZG-gBwE%3D,hace 1 a,96.0,0.01,0.33
En Pleno Dominicano 2026,14. No Hay Nadie Más - Ramón Orlando,https://www.youtube.com/watch?v=5pLR_n4sRHg&list=RD5pLR_n4sRHg&start_radio=1&pp=ygUgbm8gaGF5IG5hZGllIG1hcyAtIHJhbW9uIG9ybGFuZG-gBwE%3D,hace 4 m,6.0,0.0,0.02
richard marcell,RAMON ORLANDO Y RICHARD MARCELL TEMA NO HAY NADIE MAS 2003 PUERTO RICO.m4v,https://www.youtube.com/watch?v=mQBAww9MniY&pp=ygUgbm8gaGF5IG5hZGllIG1hcyAtIHJhbW9uIG9ybGFuZG8%3D,hace 14 a,234.0,0.03,0.81
Luis Ramon Garcia,RAMON ORLANDO (NO HAY NADIE MAS) REGALO DE LUIS LA ROCA,https://www.youtube.com/watch?v=UsrkBNI8IC8&pp=ygUgbm8gaGF5IG5hZGllIG1hcyAtIHJhbW9uIG9ybGFuZG8%3D,hace 13 a,404.0,0.05,1.4
DJ Intokable,Ramón Orlando | No Hay Nadie Más | Monumento Night Club 2001,https://www.youtube.com/watch?v=XWWNktI1c-A&list=RDXWWNktI1c-A&start_radio=1&pp=ygUgbm8gaGF5IG5hZGllIG1hcyAtIHJhbW9uIG9ybGFuZG-gBwE%3D,hace 2 a,289.0,0.03,1.0
DJ Intokable,Ramon Orlando | No Hay Nadie Más (En Vivo Bachata),https://www.youtube.com/watch?v=VMLbrwt-VAo&list=RDVMLbrwt-VAo&start_radio=1&pp=ygUgbm8gaGF5IG5hZGllIG1hcyAtIHJhbW9uIG9ybGFuZG-gBwE%3D,hace 5 a,129.0,0.01,0.45
NoTi CaM,ramon orlando no hay nadie mas !!concierto de independencia2011 n$s,https://www.youtube.com/watch?v=s3x-XdefnIM&pp=ygUgbm8gaGF5IG5hZGllIG1hcyAtIHJhbW9uIG9ybGFuZG8%3D,hace 15 a,2400.0,0.27,8.33
wacobass,ramon orlando.no hay nadie mas,https://www.youtube.com/watch?v=SmaYfFqcHcs&pp=ygUgbm8gaGF5IG5hZGllIG1hcyAtIHJhbW9uIG9ybGFuZG8%3D,hace 13 a,286.0,0.03,0.99
Adam Taub,Bailando Merengue Clasico | No Hay Nadie Mas | R. Dominicana,https://www.youtube.com/watch?v=Z72BTUzT_90&pp=ygUgbm8gaGF5IG5hZGllIG1hcyAtIHJhbW9uIG9ybGFuZG8%3D,hace 6 a,6800.0,0.78,23.61
CacheAbraham,cache abraham tambora con ramon orlando NO HAY NADIE MAS en el festival de providence 2013,https://www.youtube.com/watch?v=HaORwyJ1ejk&pp=ygUgbm8gaGF5IG5hZGllIG1hcyAtIHJhbW9uIG9ybGFuZG8%3D,hace 10 a,3200.0,0.37,11.11
Ramón Orlando Valoy,8-Ramon Orlando-Amandote Como Te Amo,https://www.youtube.com/watch?v=Vy2PmnU-Pws&list=RDVy2PmnU-Pws&start_radio=1&pp=ygUgbm8gaGF5IG5hZGllIG1hcyAtIHJhbW9uIG9ybGFuZG-gBwHSBwkJAwsBhyohjO8%3D,hace 14 a,2800000.0,319.63,9721.9
Jucarsant,No hay nadie mas Ramon Orlando | Piano como se toca,https://www.youtube.com/watch?v=GX3pX8I8MYs&pp=ygUgbm8gaGF5IG5hZGllIG1hcyAtIHJhbW9uIG9ybGFuZG8%3D,hace 5 a,1600.0,0.18,5.56
Ale Ceberio - Topic,No Hay Nadie Más,https://www.youtube.com/watch?v=rbwju9UqJGs&list=RDrbwju9UqJGs&start_radio=1&pp=ygUgbm8gaGF5IG5hZGllIG1hcyAtIHJhbW9uIG9ybGFuZG-gBwE%3D,---,1900.0,0.22,6.6
richard marcell,RAMON ORLANDO Y RICHARD MARCELL EL EL BAJO No Hay Nadie Mas 15-12-2015,https://www.youtube.com/watch?v=Bqg5qstE6rs&pp=ygUgbm8gaGF5IG5hZGllIG1hcyAtIHJhbW9uIG9ybGFuZG8%3D,hace 9 a,43.0,0.0,0.15
yerfri101,Balada de amor-Ramon Orlando,https://www.youtube.com/watch?v=vedvbz_d1rY&list=RDvedvbz_d1rY&start_radio=1&pp=ygUgbm8gaGF5IG5hZGllIG1hcyAtIHJhbW9uIG9ybGFuZG-gBwHSBwkJAwsBhyohjO8%3D,hace 16 a,2000000.0,228.31,6944.21
Angel Polanco,merengue ramon orlando boda(coreografia mdb),https://www.youtube.com/watch?v=DgwPLSPI3NQ&pp=ygUgbm8gaGF5IG5hZGllIG1hcyAtIHJhbW9uIG9ybGFuZG8%3D,hace 3 a,48.0,0.01,0.17
Buena Noche TV,Gran Presentación musical de Ramón Orlando en | Buena Noche,https://www.youtube.com/watch?v=iIChvpI9Ya8&pp=ygUgbm8gaGF5IG5hZGllIG1hcyAtIHJhbW9uIG9ybGFuZG8%3D,hace 4 a,53000.0,6.05,184.02
Jose M Echevarria,(No hay nadie mas) tema del maestro Ramón orlando,https://www.youtube.com/watch?v=IeFtkDUQwm0&list=RDIeFtkDUQwm0&start_radio=1&pp=ygUgbm8gaGF5IG5hZGllIG1hcyAtIHJhbW9uIG9ybGFuZG-gBwHSBwkJAwsBhyohjO8%3D,hace 4 a,75.0,0.01,0.26
YACOOV SANTIAGO RODRIGUEZ LUGO,"JORGE VARGAS, NO HAY NADIE MAS DE RAMON ORLANDO, 05 OCT 2017",https://www.youtube.com/watch?v=uHaxm9hwYDQ&pp=ygUgbm8gaGF5IG5hZGllIG1hcyAtIHJhbW9uIG9ybGFuZG8%3D,hace 8 a,17.0,0.0,0.06
El Almacen del Merengue,RAMON ORLANDO Y SU ORQUESTA INTERNACIONAL-NO HAY NADIE MAS 1991,https://www.youtube.com/watch?v=s_3NUzf0uJc&list=RDs_3NUzf0uJc&start_radio=1&pp=ygUgbm8gaGF5IG5hZGllIG1hcyAtIHJhbW9uIG9ybGFuZG-gBwE%3D,hace 3 a,481.0,0.05,1.67
YACOOV SANTIAGO RODRIGUEZ LUGO,"JOSE ADAMES, NO HAY NADIE MAS DE RAMON ORLANDO, JUEVES 02 NOV 2017",https://www.youtube.com/watch?v=suNNWHKta5k&pp=ygUgbm8gaGF5IG5hZGllIG1hcyAtIHJhbW9uIG9ybGFuZG8%3D,hace 8 a,19.0,0.0,0.07
richard marcell,RAMON ORLANDO Y RICHARD MARCELL EN EL BAJO TEMA NO HAY NADIE MAS AñO 2003,https://www.youtube.com/watch?v=CfpmcIHV_Z0&list=RDCfpmcIHV_Z0&start_radio=1&pp=ygUgbm8gaGF5IG5hZGllIG1hcyAtIHJhbW9uIG9ybGFuZG-gBwE%3D,hace 14 a,135.0,0.02,0.47
YACOOV SANTIAGO RODRIGUEZ LUGO,"JUAN MINAYA, NO HAY NADIE MAS DE RAMON ORLANDO, DOMINGO 22, OCT, 2017",https://www.youtube.com/watch?v=5-mFqDVFa18&pp=ygUgbm8gaGF5IG5hZGllIG1hcyAtIHJhbW9uIG9ybGFuZG8%3D,hace 8 a,200.0,0.02,0.69
Merengues clasico,"Ramon Orlando, No Hay Nadie Más",https://www.youtube.com/watch?v=5hyUDcBv9vk&list=RD5hyUDcBv9vk&start_radio=1&pp=ygUgbm8gaGF5IG5hZGllIG1hcyAtIHJhbW9uIG9ybGFuZG-gBwHSBwkJAwsBhyohjO8%3D,hace 2 a,12.0,0.0,0.04
cccongosTV,no hay nadie mas para sustituirte acordes merengues,https://www.youtube.com/watch?v=6R72O_13zPU&pp=ygUgbm8gaGF5IG5hZGllIG1hcyAtIHJhbW9uIG9ybGFuZG8%3D,hace 5 a,312.0,0.04,1.08
Mamola De La Cruz DE LA Cruz,BOCA DE PIANO IMITA A RAMON ORLANDO,https://www.youtube.com/watch?v=1datNbyFVQQ&pp=ygUgbm8gaGF5IG5hZGllIG1hcyAtIHJhbW9uIG9ybGFuZG8%3D,hace 10 a,12000.0,1.37,41.67
Elvis Trombón,No hay nadie mas del maestro Ramon Orlando en el Trombon,https://www.youtube.com/watch?v=sT2ppRu97KY&list=RDsT2ppRu97KY&start_radio=1&pp=ygUgbm8gaGF5IG5hZGllIG1hcyAtIHJhbW9uIG9ybGFuZG-gBwE%3D,hace 1 a,13.0,0.0,0.05
karaoke La Poderosa 2,Ramón Orlando Mas karaoke La Poderosa 2,https://www.youtube.com/watch?v=GD81dCiRTmE&list=RDGD81dCiRTmE&start_radio=1&pp=ygUgbm8gaGF5IG5hZGllIG1hcyAtIHJhbW9uIG9ybGFuZG-gBwHSBwkJAwsBhyohjO8%3D,hace 2 a,2300.0,0.26,7.99
Edgar Fermin,Ramon Orlando-Tu Mujer.,https://www.youtube.com/watch?v=dCEXzbw7iRw&list=RDdCEXzbw7iRw&start_radio=1&pp=ygUgbm8gaGF5IG5hZGllIG1hcyAtIHJhbW9uIG9ybGFuZG-gBwE%3D,hace 6 a,251000.0,28.65,871.5
DE TODO UN POCO (CON FAUSTO PERALTA),no hay nadie mas ramon orlando fausto peralta bass cover,https://www.youtube.com/watch?v=tt22LeogCRE&list=RDtt22LeogCRE&start_radio=1&pp=ygUgbm8gaGF5IG5hZGllIG1hcyAtIHJhbW9uIG9ybGFuZG-gBwE%3D,hace 5 a,614.0,0.07,2.13
Anadency Espinosa,Ramon Orlando No hay nadie masby Anadency,https://www.youtube.com/watch?v=M6vJojPXPF8&list=RDM6vJojPXPF8&start_radio=1&pp=ygUgbm8gaGF5IG5hZGllIG1hcyAtIHJhbW9uIG9ybGFuZG-gBwE%3D,hace 5 a,14.0,0.0,0.05
EL 27 RD,SUJETO ORO 24 - HOMENAJE A RAMÓN ORLANDO,https://www.youtube.com/watch?v=0vSRIBOdlIM&pp=ygUgbm8gaGF5IG5hZGllIG1hcyAtIHJhbW9uIG9ybGFuZG8%3D,hace 5 m,28000.0,3.2,97.22
Minimambo Sax,Jaleo - No Hay Nadie Mas - Ramon Orlando - Interpretado por minimambo Sax Subido Arriba,https://www.youtube.com/watch?v=L21eHO7hijM&pp=ygUgbm8gaGF5IG5hZGllIG1hcyAtIHJhbW9uIG9ybGFuZG8%3D,hace 4 a,6400.0,0.73,22.22
Fans Ale Ceberio,Ale Ceberio - No Hay Nadie Mas,https://www.youtube.com/watch?v=RZJjLSLZwI0&list=RDRZJjLSLZwI0&start_radio=1&pp=ygUgbm8gaGF5IG5hZGllIG1hcyAtIHJhbW9uIG9ybGFuZG-gBwE%3D,hace 13 a,1000.0,0.11,3.47
Elejido Musicologo,No Hay Nadie Mas - Ramón Orlando 🎵 Musicologo,https://www.youtube.com/watch?v=rEo0NC2Ijzo&list=RDrEo0NC2Ijzo&start_radio=1&pp=ygUgbm8gaGF5IG5hZGllIG1hcyAtIHJhbW9uIG9ybGFuZG-gBwE%3D,hace 2 sem.,94.0,0.28,0.33
Domo Urbano Lirycs,No Voy A Volver A Llorar Ramon Orlando Letra,https://www.youtube.com/watch?v=EA69CFLaMBI&list=RDEA69CFLaMBI&start_radio=1&pp=ygUgbm8gaGF5IG5hZGllIG1hcyAtIHJhbW9uIG9ybGFuZG-gBwE%3D,hace 5 a,4700000.0,536.53,16318.9
DJ Intokable,Ramón Orlando | No Hay Nadie Más (2001),https://www.youtube.com/watch?v=zsV_ALBIEDI&list=RDzsV_ALBIEDI&start_radio=1&pp=ygUgbm8gaGF5IG5hZGllIG1hcyAtIHJhbW9uIG9ybGFuZG-gBwE%3D,hace 1 a,1500.0,0.17,5.21
Ramón Orlando - Topic,Nadie Como Tú,https://www.youtube.com/watch?v=B6hu-rCsZ68&list=RDB6hu-rCsZ68&start_radio=1&pp=ygUgbm8gaGF5IG5hZGllIG1hcyAtIHJhbW9uIG9ybGFuZG-gBwE%3D,---,546.0,0.06,1.9
Dj Darwin Lossada,MIX RAMON ORLANDO - EXITOS INOLVIDABLES ✘Dj Ayverson ✚ Dj Darwin Lossada✘,https://www.youtube.com/watch?v=OHPeZwAM94U&list=RDOHPeZwAM94U&start_radio=1&pp=ygUgbm8gaGF5IG5hZGllIG1hcyAtIHJhbW9uIG9ybGFuZG-gBwE%3D,hace 7 a,35000.0,4.0,121.52
10 PREGUNTAS CON JUNIOR CABRERA,"Ramon Orlando -""SERA HOY"" - Feat Laura Rivera",https://www.youtube.com/watch?v=XN9gbO_dm1c&list=RDXN9gbO_dm1c&start_radio=1&pp=ygUgbm8gaGF5IG5hZGllIG1hcyAtIHJhbW9uIG9ybGFuZG-gBwE%3D,hace 1 a,206000.0,23.52,715.25
SIBI LUNA,Los Vecinos - No hay nadie más para sustituirte,https://www.youtube.com/watch?v=zWBKUElRTAM&list=RDzWBKUElRTAM&start_radio=1&pp=ygUgbm8gaGF5IG5hZGllIG1hcyAtIHJhbW9uIG9ybGFuZG-gBwE%3D,hace 5 a,759.0,0.09,2.64
Los Cantantes - Topic,No Hay Pesos,https://www.youtube.com/watch?v=UV3wSXVLe2A&list=RDUV3wSXVLe2A&start_radio=1&pp=ygUgbm8gaGF5IG5hZGllIG1hcyAtIHJhbW9uIG9ybGFuZG-gBwE%3D,---,43000000.0,4908.68,149300.55
CorilloHotTV,Sujeto Oro 24k - Weo (Homenaje A Ramon Orlando) (En Vivo) (Www.CORILLOHOT.com),https://www.youtube.com/watch?v=tyL_hdalRAM&list=RDtyL_hdalRAM&start_radio=1&pp=ygUgbm8gaGF5IG5hZGllIG1hcyAtIHJhbW9uIG9ybGFuZG-gBwHSBwkJAwsBhyohjO8%3D,hace 14 a,15000.0,1.71,52.08
Conjunto Musico Vocal UASD,"No hay nadie más, Conjunto Músico Vocal",https://www.youtube.com/watch?v=ub690tiAVs0&list=RDub690tiAVs0&start_radio=1&pp=ygUgbm8gaGF5IG5hZGllIG1hcyAtIHJhbW9uIG9ybGFuZG-gBwE%3D,hace 5 a,73.0,0.01,0.25
Toño Rosario,Toño Rosario - Que Sabe Nadie,https://www.youtube.com/watch?v=Rr5g-V-eaOw&list=RDRr5g-V-eaOw&start_radio=1&pp=ygUgbm8gaGF5IG5hZGllIG1hcyAtIHJhbW9uIG9ybGFuZG-gBwE%3D,hace 6 a,5200000.0,593.61,18054.95
Ramón Orlando Valoy,6-Ramon Orlando-Estas Lagrimas,https://www.youtube.com/watch?v=GYBLgXtjcf4&list=RDGYBLgXtjcf4&start_radio=1&pp=ygUgbm8gaGF5IG5hZGllIG1hcyAtIHJhbW9uIG9ybGFuZG-gBwE%3D,hace 14 a,969000.0,110.62,3364.47
JN Music Group,NADIE Como Tu 💖 - Ramon Orlando [Audio Cover] 🥳 #40,https://www.youtube.com/watch?v=xLoRRx6vAsE&list=RDxLoRRx6vAsE&start_radio=1&pp=ygUgbm8gaGF5IG5hZGllIG1hcyAtIHJhbW9uIG9ybGFuZG-gBwE%3D,hace 4 a,7400.0,0.84,25.69
La TeleRealidad De Iván Ruiz,No hay nadie más... Ramón Orlando en la Telerealidad,https://www.youtube.com/watch?v=oXeXBGZXjFQ&pp=ygUgbm8gaGF5IG5hZGllIG1hcyAtIHJhbW9uIG9ybGFuZG8%3D,hace 8 días,1900.0,9.9,6.6
La bellonera Musical RD 🎷🎻,"Ramón Orlando (( Mix De Éxitos Romántico, )) #Comparte",https://www.youtube.com/watch?v=NQeJOLROWEc&list=RDNQeJOLROWEc&start_radio=1&pp=ygUgbm8gaGF5IG5hZGllIG1hcyAtIHJhbW9uIG9ybGFuZG-gBwE%3D,hace 1 a,12000.0,1.37,41.67
MICHAEL JMV,RAMON ORLANDO El Silencio Tu y Yo (MICHAEL JMV),https://www.youtube.com/watch?v=J8wEDI4mvME&list=RDJ8wEDI4mvME&start_radio=1&pp=ygUgbm8gaGF5IG5hZGllIG1hcyAtIHJhbW9uIG9ybGFuZG-gBwHSBwkJAwsBhyohjO8%3D,hace 7 a,27000.0,3.08,93.75
Kenpachi Zaraki,Ramon Orlando- Mi cama no habla,https://www.youtube.com/watch?v=i5Ci_J1BGG0&list=RDi5Ci_J1BGG0&start_radio=1&pp=ygUgbm8gaGF5IG5hZGllIG1hcyAtIHJhbW9uIG9ybGFuZG-gBwE%3D,hace 9 a,473000.0,54.0,1642.31
Electronic Merengue Orchestra - Topic,No Hay Nadie Mas,https://www.youtube.com/watch?v=sFWc_hyZxrA&list=RDsFWc_hyZxrA&start_radio=1&pp=ygUgbm8gaGF5IG5hZGllIG1hcyAtIHJhbW9uIG9ybGFuZG-gBwE%3D,---,27.0,0.0,0.09
Juhi,"Ramon Orlando 2024 MIX Grandes Exitos - Te Compro Tu Novia, Mil Maneras, Gotas De Pena, No Hay N...",https://www.youtube.com/watch?v=ksdZ5VyFDR4&list=RDksdZ5VyFDR4&start_radio=1&pp=ygUgbm8gaGF5IG5hZGllIG1hcyAtIHJhbW9uIG9ybGFuZG-gBwE%3D,hace 1 a,215.0,0.02,0.75
Zacarias Ferreira Oficial,Zacarías Ferreira - Tu Y Nadie Mas (Audio Oficial),https://www.youtube.com/watch?v=ZvQvda3rTY8&list=RDZvQvda3rTY8&start_radio=1&pp=ygUgbm8gaGF5IG5hZGllIG1hcyAtIHJhbW9uIG9ybGFuZG-gBwHSBwkJAwsBhyohjO8%3D,hace 6 a,1100000.0,125.57,3819.32
Rafael Burgos - Topic,No Hay Nadie Más,https://www.youtube.com/watch?v=mwzKWLhycIc&list=RDmwzKWLhycIc&start_radio=1&pp=ygUgbm8gaGF5IG5hZGllIG1hcyAtIHJhbW9uIG9ybGFuZG-gBwE%3D,---,465.0,0.05,1.61
Ramón Orlando - Topic,Mas,https://www.youtube.com/watch?v=MJFwxYHVDSE&list=RDMJFwxYHVDSE&start_radio=1&pp=ygUgbm8gaGF5IG5hZGllIG1hcyAtIHJhbW9uIG9ybGFuZG-gBwE%3D,---,56000.0,6.39,194.44
Shayra Ramírez… Eternizando momentos. ♥️,"Ramón Orlando Valoy y Shayra “Balada de amor”. Del disco “Shayra, con el alma desnuda”. 2018",https://www.youtube.com/watch?v=xEwhaX76jlo&list=RDxEwhaX76jlo&start_radio=1&pp=ygUgbm8gaGF5IG5hZGllIG1hcyAtIHJhbW9uIG9ybGFuZG-gBwHSBwkJAwsBhyohjO8%3D,hace 2 a,1300.0,0.15,4.51
Sujeto Oro 24 - Topic,No Hay Nadie,https://www.youtube.com/watch?v=XcvsfitvwQE&list=RDXcvsfitvwQE&start_radio=1&pp=ygUgbm8gaGF5IG5hZGllIG1hcyAtIHJhbW9uIG9ybGFuZG-gBwE%3D,---,2500.0,0.29,8.68
DjGabbyGarcía,Ramón Orlando En Vivo Dj GABBY GARCIA Presenta 2016 En New York,https://www.youtube.com/watch?v=6sKgMXqUD5U&pp=ygUgbm8gaGF5IG5hZGllIG1hcyAtIHJhbW9uIG9ybGFuZG8%3D,hace 9 a,334000.0,38.13,1159.68
DJ Intokable,Ramón Orlando | Que Quieres Tu De Mi (2001),https://www.youtube.com/watch?v=npz_aMdCwdQ&list=RDnpz_aMdCwdQ&start_radio=1&pp=ygUgbm8gaGF5IG5hZGllIG1hcyAtIHJhbW9uIG9ybGFuZG-gBwE%3D,hace 1 a,813.0,0.09,2.82
Shayra Ramírez,"Ramón Orlando Valoy «No hay nadie más» Berlin, NJ. 23 de noviembre, 2024",https://www.youtube.com/watch?v=3vMPo6uhl3c&list=RD3vMPo6uhl3c&start_radio=1&pp=ygUgbm8gaGF5IG5hZGllIG1hcyAtIHJhbW9uIG9ybGFuZG-gBwE%3D,hace 1 a,266.0,0.03,0.92
Christiam Silvestre,respuesta al reto de Ramón Orlando (piano desafiante),https://www.youtube.com/watch?v=JjdQEO-I4eE&list=RDJjdQEO-I4eE&start_radio=1&pp=ygUgbm8gaGF5IG5hZGllIG1hcyAtIHJhbW9uIG9ybGFuZG-gBwE%3D,hace 4 a,50000.0,5.71,173.61
Hilario araguaney,marcos Yaroide no hay nadie más #marcosyaroide#nohaynadiemas #musicacristiana,https://www.youtube.com/watch?v=Im8xeLzEvfg&list=RDIm8xeLzEvfg&start_radio=1&pp=ygUgbm8gaGF5IG5hZGllIG1hcyAtIHJhbW9uIG9ybGFuZG-gBwE%3D,hace 2 a,1400.0,0.16,4.86
Musica RD,No Hay Nadie Más-Ramón Orlando En Vivo,https://www.youtube.com/watch?v=avhAKgTONu0&list=RDavhAKgTONu0&start_radio=1&pp=ygUgbm8gaGF5IG5hZGllIG1hcyAtIHJhbW9uIG9ybGFuZG-gBwE%3D,hace 2 a,207.0,0.02,0.72
Nibardo Muentes,RAMÓN ORLANDO TE COMPRO TU NOVIA,https://www.youtube.com/watch?v=vtofLuSGnA4&list=RDvtofLuSGnA4&start_radio=1&pp=ygUgbm8gaGF5IG5hZGllIG1hcyAtIHJhbW9uIG9ybGFuZG-gBwE%3D,hace 13 a,2400000.0,273.97,8333.05
It's Lio,no hay nadie mas orlando bernardo karaoke,https://www.youtube.com/watch?v=SINxNff7_Mk&pp=ygUgbm8gaGF5IG5hZGllIG1hcyAtIHJhbW9uIG9ybGFuZG8%3D,hace 13 a,132.0,0.02,0.46
URBAN DEMBOW - Topic,No Hay Nadie Más,https://www.youtube.com/watch?v=FrOtLwu3Ug4&list=RDFrOtLwu3Ug4&start_radio=1&pp=ygUgbm8gaGF5IG5hZGllIG1hcyAtIHJhbW9uIG9ybGFuZG-gBwE%3D,---,1600.0,0.18,5.56
El Dotol Nastra,NARRA SUS EXITOS 🎹 RAMON ORLANDO ❌ EL DOTOL NASTRA,https://www.youtube.com/watch?v=7Q-NcksJwEA&pp=ygUgbm8gaGF5IG5hZGllIG1hcyAtIHJhbW9uIG9ybGFuZG8%3D,hace 3 m,200000.0,22.83,694.42
El Almacen del Merengue,RAMON ORLANDO Y ORQUESTA INTERNACIONAL - NO HAY NADIE MAS (1989),https://www.youtube.com/watch?v=CxioWNUpp4Q&list=RDCxioWNUpp4Q&start_radio=1&pp=ygUgbm8gaGF5IG5hZGllIG1hcyAtIHJhbW9uIG9ybGFuZG-gBwE%3D,hace 5 a,1200.0,0.14,4.17
Chamakiito93,RAMON ORLANDO Y LA INTERNACIONAL - Lapiz - Canta MIGUEL MIGUEL (80's),https://www.youtube.com/watch?v=sdWL3cRT6Ks&list=RDsdWL3cRT6Ks&start_radio=1&pp=ygUgbm8gaGF5IG5hZGllIG1hcyAtIHJhbW9uIG9ybGFuZG-gBwE%3D,hace 8 a,630000.0,71.92,2187.43
Leandro Dilone,Homenaje a Ramón Orlando Luis Vargas letras,https://www.youtube.com/watch?v=xZAOL8u2X_c&list=RDxZAOL8u2X_c&start_radio=1&pp=ygUgbm8gaGF5IG5hZGllIG1hcyAtIHJhbW9uIG9ybGFuZG-gBwE%3D,hace 5 a,16000.0,1.83,55.55
Dj Poli Karaokes y Mas,Ramon Orlando - No Me Importa No KARAOKE INSTRUMENTAL #djpolibonao,https://www.youtube.com/watch?v=dKzyAc2DczQ&list=RDdKzyAc2DczQ&start_radio=1&pp=ygUgbm8gaGF5IG5hZGllIG1hcyAtIHJhbW9uIG9ybGFuZG-gBwE%3D,hace 6 m,2200.0,0.25,7.64
eli va,ramon orlando,https://www.youtube.com/watch?v=NJhb1-5fkK8&list=RDNJhb1-5fkK8&start_radio=1&pp=ygUgbm8gaGF5IG5hZGllIG1hcyAtIHJhbW9uIG9ybGFuZG-gBwE%3D,hace 11 a,335.0,0.04,1.16
Manolo Ozuna DG,RAMÓN ORLANDO: POR QUÉ EN RD NADIE HACE SALSA Y POR QUÉ ÉL NO HACE MERENGUE!,https://www.youtube.com/watch?v=s3aCGJI8JWY&pp=ygUgbm8gaGF5IG5hZGllIG1hcyAtIHJhbW9uIG9ybGFuZG8%3D,hace 7 m,53000.0,6.05,184.02
Juan Carlos Llano lizardo,Karaoke Ramon orlando (De que me sirvió quererte?,https://www.youtube.com/watch?v=SSUF_i4Pa_g&list=RDSSUF_i4Pa_g&start_radio=1&pp=ygUgbm8gaGF5IG5hZGllIG1hcyAtIHJhbW9uIG9ybGFuZG-gBwE%3D,hace 3 a,13000.0,1.48,45.14
10 PREGUNTAS CON JUNIOR CABRERA,🛑 Ramon Orlando 10 Preguntas Por Junior Cabrera 🛑,https://www.youtube.com/watch?v=ajbVrz3n0Hw&pp=ygUgbm8gaGF5IG5hZGllIG1hcyAtIHJhbW9uIG9ybGFuZG8%3D,hace 4 a,307000.0,35.05,1065.94
Uncion Tropical,Unción Tropical - No Hay Nadie Más (Video Letra),https://www.youtube.com/watch?v=HkPHK7tshmo&list=RDHkPHK7tshmo&start_radio=1&pp=ygUgbm8gaGF5IG5hZGllIG1hcyAtIHJhbW9uIG9ybGFuZG-gBwHSBwkJAwsBhyohjO8%3D,hace 1 a,7300.0,0.83,25.35
JUNIOR CABRERA,SI TU PIENSAS QUE NO TE AMO- LOS TUMBAOS DE LA TRIBU-RAMON ORLANDO,https://www.youtube.com/watch?v=XFZkOsMOYMY&list=RDXFZkOsMOYMY&start_radio=1&pp=ygUgbm8gaGF5IG5hZGllIG1hcyAtIHJhbW9uIG9ybGFuZG-gBwE%3D,hace 3 m,111000.0,12.67,385.4
Jross & Littleboy,NO HAY NADIE MAS,https://www.youtube.com/watch?v=QlrhcGbb374&list=RDQlrhcGbb374&start_radio=1&pp=ygUgbm8gaGF5IG5hZGllIG1hcyAtIHJhbW9uIG9ybGFuZG-gBwE%3D,hace 1 a,6500.0,0.74,22.57
danssblack,Ramón Orlando - Te Compro Tu Novia (Letra),https://www.youtube.com/watch?v=e09zoT6-G9A&list=RDe09zoT6-G9A&start_radio=1&pp=ygUgbm8gaGF5IG5hZGllIG1hcyAtIHJhbW9uIG9ybGFuZG-gBwE%3D,hace 4 a,4300000.0,490.87,14930.06
yonathan jimenez,Elvin Disla-No Hay Nadie Más.wmv,https://www.youtube.com/watch?v=7_mkoqG6xK0&list=RD7_mkoqG6xK0&start_radio=1&pp=ygUgbm8gaGF5IG5hZGllIG1hcyAtIHJhbW9uIG9ybGFuZG-gBwE%3D,hace 14 a,16000.0,1.83,55.55
Raphy D Oleo,RAMON ORLANDO EXITOSO EN SAN JUAN,https://www.youtube.com/watch?v=VhHDEqHBO-g&list=RDVhHDEqHBO-g&start_radio=1&pp=ygUgbm8gaGF5IG5hZGllIG1hcyAtIHJhbW9uIG9ybGFuZG-gBwE%3D,hace 3 a,189.0,0.02,0.66
Fuga Record,Ramon Orlando - Piano Desafiante - Apuntes y correciones Finales,https://www.youtube.com/watch?v=v4IWA1cCVtE&pp=ygUgbm8gaGF5IG5hZGllIG1hcyAtIHJhbW9uIG9ybGFuZG8%3D,hace 4 a,13000.0,1.48,45.14
PARTY TYME KARAOKE EN ESPAÑOL,Ramon Orlando - Que Venga (Versión Karaoke),https://www.youtube.com/watch?v=7vWiyJ3Vk3s&list=RD7vWiyJ3Vk3s&start_radio=1&pp=ygUgbm8gaGF5IG5hZGllIG1hcyAtIHJhbW9uIG9ybGFuZG-gBwHSBwkJAwsBhyohjO8%3D,hace 2 a,3500.0,0.4,12.15
DJ Intokable,Ramón Orlando | Risas (1989),https://www.youtube.com/watch?v=rlOIifSxFLc&list=RDrlOIifSxFLc&start_radio=1&pp=ygUgbm8gaGF5IG5hZGllIG1hcyAtIHJhbW9uIG9ybGFuZG-gBwE%3D,hace 5 m,273.0,0.03,0.95
SONERO 78,RAMON ORLANDO - CANA BRAVA,https://www.youtube.com/watch?v=fTkEOeHhCB8&list=RDfTkEOeHhCB8&start_radio=1&pp=ygUgbm8gaGF5IG5hZGllIG1hcyAtIHJhbW9uIG9ybGFuZG-gBwE%3D,hace 10 a,62000.0,7.08,215.27
Musica Mundial,RAMON ORLANDO LA MAS BELLA HEREJIA SALSA 2013,https://www.youtube.com/watch?v=5SYrhtNTBWA&list=RD5SYrhtNTBWA&start_radio=1&pp=ygUgbm8gaGF5IG5hZGllIG1hcyAtIHJhbW9uIG9ybGFuZG-gBwHSBwkJAwsBhyohjO8%3D,hace 12 a,18000.0,2.05,62.5
Edward Music,Ramón Orlando - No Hay Nadie Más,https://www.youtube.com/watch?v=iwQlJG3em0k&pp=ygUgbm8gaGF5IG5hZGllIG1hcyAtIHJhbW9uIG9ybGFuZG8%3D,hace 3 a,23.0,0.0,0.08
Chiquito Team Band,Chiquito Team Band - NO ERES UNA MAS (Recording Session),https://www.youtube.com/watch?v=BDQb-nbSQ_M&list=RDBDQb-nbSQ_M&start_radio=1&pp=ygUgbm8gaGF5IG5hZGllIG1hcyAtIHJhbW9uIG9ybGFuZG-gBwE%3D,hace 4 m,707000.0,80.71,2454.78
xmanguitox,no hay nadie mas - kalimba,https://www.youtube.com/watch?v=fH9MYpQ5wvc&list=RDfH9MYpQ5wvc&start_radio=1&pp=ygUgbm8gaGF5IG5hZGllIG1hcyAtIHJhbW9uIG9ybGFuZG-gBwE%3D,hace 18 a,3400.0,0.39,11.81
Enrique La Guira,Enrique Guira - Un Dia Mas (Ramon Orlando),https://www.youtube.com/watch?v=A4wwm_7CRjA&list=RDA4wwm_7CRjA&start_radio=1&pp=ygUgbm8gaGF5IG5hZGllIG1hcyAtIHJhbW9uIG9ybGFuZG-gBwE%3D,hace 10 a,2800.0,0.32,9.72
vidal vazquez,Más - Ramón Orlando,https://www.youtube.com/watch?v=2MuF57lIIf0&list=RD2MuF57lIIf0&start_radio=1&pp=ygUgbm8gaGF5IG5hZGllIG1hcyAtIHJhbW9uIG9ybGFuZG-gBwE%3D,hace 2 a,4100.0,0.47,14.24
DJ Intokable,Ramón Orlando | Cigarro Y Vino (2001),https://www.youtube.com/watch?v=Fn83U2Kqhno&list=RDFn83U2Kqhno&start_radio=1&pp=ygUgbm8gaGF5IG5hZGllIG1hcyAtIHJhbW9uIG9ybGFuZG-gBwE%3D,hace 1 a,451.0,0.05,1.57
DJ Intokable,Ramón Orlando | Pena (2001),https://www.youtube.com/watch?v=IMMZ29_WCCI&list=RDIMMZ29_WCCI&start_radio=1&pp=ygUgbm8gaGF5IG5hZGllIG1hcyAtIHJhbW9uIG9ybGFuZG-gBwE%3D,hace 1 a,414.0,0.05,1.44
Alonmusicfive,No Hay Nadia Más Sebastián Yatra,https://www.youtube.com/watch?v=BzndhiRe7NU&list=RDBzndhiRe7NU&start_radio=1&pp=ygUgbm8gaGF5IG5hZGllIG1hcyAtIHJhbW9uIG9ybGFuZG-gBwE%3D,hace 8 días,81.0,0.42,0.28
norlan mejia,❤[AMV]❤ No Hay Nadie Más❤,https://www.youtube.com/watch?v=bdbz8ZfgnVc&list=RDbdbz8ZfgnVc&start_radio=1&pp=ygUgbm8gaGF5IG5hZGllIG1hcyAtIHJhbW9uIG9ybGFuZG-gBwE%3D,hace 6 a,1300.0,0.15,4.51
DJ Intokable,Ramón Orlando | Cúrame (1989),https://www.youtube.com/watch?v=c_JC2Tb9cXw&list=RDc_JC2Tb9cXw&start_radio=1&pp=ygUgbm8gaGF5IG5hZGllIG1hcyAtIHJhbW9uIG9ybGFuZG-gBwHSBwkJAwsBhyohjO8%3D,hace 5 m,628.0,0.07,2.18
Classicos Pa'Goza,Ramon orlando y la orquesta internacional. El silencio tu y yo. For promotional use only.,https://www.youtube.com/watch?v=_HK_AzdvW6s&list=RD_HK_AzdvW6s&start_radio=1&pp=ygUgbm8gaGF5IG5hZGllIG1hcyAtIHJhbW9uIG9ybGFuZG-gBwHSBwkJAwsBhyohjO8%3D,hace 7 a,96.0,0.01,0.33
KARAOKEKONKLASE,ramon orlando no hay nadie mas pista,https://www.youtube.com/watch?v=aRHXjybNWyU&list=RDaRHXjybNWyU&start_radio=1&pp=ygUgbm8gaGF5IG5hZGllIG1hcyAtIHJhbW9uIG9ybGFuZG-gBwE%3D,hace 15 a,15000.0,1.71,52.08
Shayra Ramírez,"Ramón Orlando Valoy «Caña brava» Autor: Toño Abréu. Berlin, NJ. 23 de noviembre, 2024",https://www.youtube.com/watch?v=S0LT1Sq-nC0&list=RDS0LT1Sq-nC0&start_radio=1&pp=ygUgbm8gaGF5IG5hZGllIG1hcyAtIHJhbW9uIG9ybGFuZG-gBwE%3D,hace 1 a,353.0,0.04,1.23
Ramón Orlando Valoy,4-Ramon Orlando y Miledy-Balada de Amor(Parte 4)-Quiereme Ahora (Separacion por trabajo),https://www.youtube.com/watch?v=3PXfSZql6Lg&list=RD3PXfSZql6Lg&start_radio=1&pp=ygUgbm8gaGF5IG5hZGllIG1hcyAtIHJhbW9uIG9ybGFuZG-gBwE%3D,hace 14 a,704000.0,80.37,2444.36
Ramón Orlando - Topic,Mas,https://www.youtube.com/watch?v=-quKS8L7tRg&list=RD-quKS8L7tRg&start_radio=1&pp=ygUgbm8gaGF5IG5hZGllIG1hcyAtIHJhbW9uIG9ybGFuZG-gBwE%3D,---,5600.0,0.64,19.44
Jose Luis Mármol Official,No hay nadie mas - Ramon Orlando - Performed by Jose Luis Mármol - Merengue Avanzado,https://www.youtube.com/watch?v=KXBJzMQ56_4&list=RDKXBJzMQ56_4&start_radio=1&pp=ygUgbm8gaGF5IG5hZGllIG1hcyAtIHJhbW9uIG9ybGFuZG-gBwE%3D,hace 5 a,3400.0,0.39,11.81
JOMONT KARAOKE,Si tu piensas que no te amo. KARAOKE...Ramon Orlando,https://www.youtube.com/watch?v=EGSbabDmIsk&list=RDEGSbabDmIsk&start_radio=1&pp=ygUgbm8gaGF5IG5hZGllIG1hcyAtIHJhbW9uIG9ybGFuZG-gBwE%3D,hace 4 a,10000.0,1.14,34.72
Danyerson Beatz,No Hay Nadie Mas - Danyerson - Cover (Version Mambo),https://www.youtube.com/watch?v=cYJGvtzTStk&list=RDcYJGvtzTStk&start_radio=1&pp=ygUgbm8gaGF5IG5hZGllIG1hcyAtIHJhbW9uIG9ybGFuZG-gBwE%3D,hace 5 a,142.0,0.02,0.49
Edgar Fermin,Ramon Orlando-No Me Importa No.,https://www.youtube.com/watch?v=cpFtSZ-Qlw0&list=RDcpFtSZ-Qlw0&start_radio=1&pp=ygUgbm8gaGF5IG5hZGllIG1hcyAtIHJhbW9uIG9ybGFuZG-gBwE%3D,hace 6 a,13000.0,1.48,45.14
Francisco Vasquez,Ramon Orlando - Quiereme Ahora,https://www.youtube.com/watch?v=z_8h42Ga1C4&list=RDz_8h42Ga1C4&start_radio=1&pp=ygUgbm8gaGF5IG5hZGllIG1hcyAtIHJhbW9uIG9ybGFuZG-gBwE%3D,hace 15 a,999000.0,114.04,3468.63
williamsflex,no hay nadie mas jocelyn,https://www.youtube.com/watch?v=I6avI8BrjpI&list=RDI6avI8BrjpI&start_radio=1&pp=ygUgbm8gaGF5IG5hZGllIG1hcyAtIHJhbW9uIG9ybGFuZG-gBwE%3D,hace 14 a,59.0,0.01,0.2
Classicos Pa'Goza,Ramon Orlando y la orquesta Internacional. Risas. For promotional use only.,https://www.youtube.com/watch?v=dzLoX1NExdU&list=RDdzLoX1NExdU&start_radio=1&pp=ygUgbm8gaGF5IG5hZGllIG1hcyAtIHJhbW9uIG9ybGFuZG-gBwE%3D,hace 7 a,76.0,0.01,0.26
Romano_Legado,Sebastian Yatra - No hay nadie más /version salsa (seba-romano),https://www.youtube.com/watch?v=77pc8f71XHc&pp=ygUgbm8gaGF5IG5hZGllIG1hcyAtIHJhbW9uIG9ybGFuZG8%3D,hace 6 a,1700.0,0.19,5.9
La quinta pata,¡Ramón Orlando Sorprende a Evangélicos con lo que le Dijo a Martha Candela!,https://www.youtube.com/watch?v=mxYF5Y6--jE&pp=ygUgbm8gaGF5IG5hZGllIG1hcyAtIHJhbW9uIG9ybGFuZG8%3D,hace 2 m,255000.0,29.11,885.39
"CleanTaxes Multiservices, LLC",no hay nadie mas pa sustituirte en cleantaxes ny,https://www.youtube.com/watch?v=d_kBLVxgKrw&list=RDd_kBLVxgKrw&start_radio=1&pp=ygUgbm8gaGF5IG5hZGllIG1hcyAtIHJhbW9uIG9ybGFuZG-gBwE%3D,hace 4 a,116.0,0.01,0.4
Rommel Hunter - Topic,No Hay Nadie Más,https://www.youtube.com/watch?v=nIGXt1UCsak&list=RDnIGXt1UCsak&start_radio=1&pp=ygUgbm8gaGF5IG5hZGllIG1hcyAtIHJhbW9uIG9ybGFuZG-gBwE%3D,---,248.0,0.03,0.86
Polancr - Richard Polanco,Ramon Orlando - Si Supieras,https://www.youtube.com/watch?v=hToBxoU-Yp8&list=RDhToBxoU-Yp8&start_radio=1&pp=ygUgbm8gaGF5IG5hZGllIG1hcyAtIHJhbW9uIG9ybGFuZG-gBwE%3D,hace 5 a,1400.0,0.16,4.86
Shayra Ramírez… Eternizando momentos. ♥️,"Ramón Orlando Valoy y Shayra “Te juro que te quiero”. Del disco “Shayra, con el alma desnuda”. 2018",https://www.youtube.com/watch?v=NF7XOSiNHRg&list=RDNF7XOSiNHRg&start_radio=1&pp=ygUgbm8gaGF5IG5hZGllIG1hcyAtIHJhbW9uIG9ybGFuZG-gBwE%3D,hace 2 a,4600.0,0.53,15.97
Ramón Orlando - Topic,No Eres Una Mas,https://www.youtube.com/watch?v=bt7472hIPuU&list=RDbt7472hIPuU&start_radio=1&pp=ygUgbm8gaGF5IG5hZGllIG1hcyAtIHJhbW9uIG9ybGFuZG-gBwE%3D,---,10000.0,1.14,34.72
Elgalan718,"RAMON ORLANDO - Mil Maneras (Festival Gozamba '95, Riverbank Park Manhattan New york)",https://www.youtube.com/watch?v=8iDROJC3Tf0&pp=ygUgbm8gaGF5IG5hZGllIG1hcyAtIHJhbW9uIG9ybGFuZG8%3D,hace 9 a,16000.0,1.83,55.55
Telefuturo 23,Bio23 - Todo lo que tienes que saber de Ramon Orlando,https://www.youtube.com/watch?v=Fon2JMBSjqE&pp=ygUgbm8gaGF5IG5hZGllIG1hcyAtIHJhbW9uIG9ybGFuZG8%3D,hace 4 a,448.0,0.05,1.56
PARTY TYME KARAOKE EN ESPAÑOL,Ramon Orlando - Mas (Versión Karaoke),https://www.youtube.com/watch?v=QHJ3vZKGxKI&list=RDQHJ3vZKGxKI&start_radio=1&pp=ygUgbm8gaGF5IG5hZGllIG1hcyAtIHJhbW9uIG9ybGFuZG-gBwE%3D,hace 2 a,3900.0,0.45,13.54
Gaby Quiles,Ramon Orlando - Tu Mujer (Vivo),https://www.youtube.com/watch?v=dH1t5P2CJrE&list=RDdH1t5P2CJrE&start_radio=1&pp=ygUgbm8gaGF5IG5hZGllIG1hcyAtIHJhbW9uIG9ybGFuZG-gBwE%3D,hace 4 a,2200.0,0.25,7.64
Classicos Pa'Goza,Ramon Orlando y la orquesta Internacional. Mamá mía. For promotional use only.,https://www.youtube.com/watch?v=4NJ5-yfWJWI&list=RD4NJ5-yfWJWI&start_radio=1&pp=ygUgbm8gaGF5IG5hZGllIG1hcyAtIHJhbW9uIG9ybGFuZG-gBwE%3D,hace 7 a,66.0,0.01,0.23
Jonathan  Díaz,Ramón orlando & el amor de mi vida,https://www.youtube.com/watch?v=bfGXw6IPyGA&list=RDbfGXw6IPyGA&start_radio=1&pp=ygUgbm8gaGF5IG5hZGllIG1hcyAtIHJhbW9uIG9ybGFuZG-gBwE%3D,hace 2 a,1700.0,0.19,5.9
ANÁLISIS DOMINICANOS CON PABLO VARGAS,Me volaron la cabeza...Tocaron TODOS los arreglos de RAMON ORLANDO a PRIMERA VISTA,https://www.youtube.com/watch?v=gdKTSk6ELAQ&pp=ygUgbm8gaGF5IG5hZGllIG1hcyAtIHJhbW9uIG9ybGFuZG8%3D,hace 2 m,15000.0,1.71,52.08
YoSoyAlexDj,No hay nadie mas (versión bachata),https://www.youtube.com/watch?v=0Lr1RZ6k3DU&list=RD0Lr1RZ6k3DU&start_radio=1&pp=ygUgbm8gaGF5IG5hZGllIG1hcyAtIHJhbW9uIG9ybGFuZG-gBwE%3D,hace 7 a,732.0,0.08,2.54
Trap Latino,no hay nadie más que pueda daler vida a este corazón,https://www.youtube.com/watch?v=ssjeJpBzv4I&list=RDssjeJpBzv4I&start_radio=1&pp=ygUgbm8gaGF5IG5hZGllIG1hcyAtIHJhbW9uIG9ybGFuZG-gBwE%3D,hace 2 a,2700000.0,308.22,9374.69
JUNIOR CABRERA,DESDE REPÚBLICA DOMINICANA HASTA RUSIA: RAMÓN ORLANDO 🇩🇴🎶🇷🇺,https://www.youtube.com/watch?v=xBBSxxy_uGo&list=RDxBBSxxy_uGo&start_radio=1&pp=ygUgbm8gaGF5IG5hZGllIG1hcyAtIHJhbW9uIG9ybGFuZG-gBwE%3D,hace 3 m,151000.0,17.24,524.29
Central Noticias,ESPECIAL | Ramón Orlando: biografía de un maestro del merengue,https://www.youtube.com/watch?v=ASF8K4301mU&pp=ygUgbm8gaGF5IG5hZGllIG1hcyAtIHJhbW9uIG9ybGFuZG8%3D,hace 6 a,4400.0,0.5,15.28
saymond salazar fonseca,NO HAY NADIE MAS,https://www.youtube.com/watch?v=UFcdwM1x0Lw&list=RDUFcdwM1x0Lw&start_radio=1&pp=ygUgbm8gaGF5IG5hZGllIG1hcyAtIHJhbW9uIG9ybGFuZG-gBwE%3D,hace 13 a,121.0,0.01,0.42
Jose Luis Mármol Official,Bailando Ramon Orlando - Performed by Jose Luis Mármol - Merengue Avanzado,https://www.youtube.com/watch?v=aJqxG_dP7qg&list=RDaJqxG_dP7qg&start_radio=1&pp=ygUgbm8gaGF5IG5hZGllIG1hcyAtIHJhbW9uIG9ybGFuZG-gBwE%3D,hace 5 a,8000.0,0.91,27.78
Noticias RNN,Ramón Orlando responde a críticas sobre concierto en el Olímpico,https://www.youtube.com/watch?v=cjnrKR2sY6w&pp=ygUgbm8gaGF5IG5hZGllIG1hcyAtIHJhbW9uIG9ybGFuZG8%3D,hace 20 h,16.0,0.0,0.06
Central Noticias,Ramón Orlando (El Maestro) en concierto,https://www.youtube.com/watch?v=fXWA2YjqPEg&list=RDfXWA2YjqPEg&start_radio=1&pp=ygUgbm8gaGF5IG5hZGllIG1hcyAtIHJhbW9uIG9ybGFuZG-gBwE%3D,hace 6 a,177000.0,20.21,614.56
El Almacen del Merengue,ARAMIS CAMILO-NO HAY NADIE MAS 1995,https://www.youtube.com/watch?v=176nBQCjQXw&list=RD176nBQCjQXw&start_radio=1&pp=ygUgbm8gaGF5IG5hZGllIG1hcyAtIHJhbW9uIG9ybGFuZG-gBwE%3D,hace 2 a,1600.0,0.18,5.56
DJ Intokable,Ramón Orlando | Noche Eterna (2001),https://www.youtube.com/watch?v=z6tLaM3_DLc&list=RDz6tLaM3_DLc&start_radio=1&pp=ygUgbm8gaGF5IG5hZGllIG1hcyAtIHJhbW9uIG9ybGFuZG-gBwE%3D,hace 1 a,1100.0,0.13,3.82
Shayra Ramírez… Eternizando momentos. ♥️,"Ramón Orlando y la orquesta Internacional, con Henry García y Miguel Miguel",https://www.youtube.com/watch?v=plhXaNkXlKs&pp=ygUgbm8gaGF5IG5hZGllIG1hcyAtIHJhbW9uIG9ybGFuZG8%3D,hace 2 a,116.0,0.01,0.4
Altanto TV,"Ramón Orlando, habla de Juan Luis Guerra, sus grandes exitos y su vida",https://www.youtube.com/watch?v=fEAqoO4UZ9U&pp=ygUgbm8gaGF5IG5hZGllIG1hcyAtIHJhbW9uIG9ybGFuZG8%3D,hace 6 a,347000.0,39.61,1204.82
Robert Liriano,Robert Liriano - Tributo a Ramón Orlando & la Internacional (Video Oficial),https://www.youtube.com/watch?v=fMrq9W1byOA&list=RDfMrq9W1byOA&start_radio=1&pp=ygUgbm8gaGF5IG5hZGllIG1hcyAtIHJhbW9uIG9ybGFuZG-gBwE%3D,hace 4 a,266000.0,30.37,923.58
Classicos Pa'Goza,Ramon Orlando y la orquesta internacional. Curarme. For promotional use only.,https://www.youtube.com/watch?v=HDt5DXoqUPE&list=RDHDt5DXoqUPE&start_radio=1&pp=ygUgbm8gaGF5IG5hZGllIG1hcyAtIHJhbW9uIG9ybGFuZG-gBwE%3D,hace 7 a,63.0,0.01,0.22
Luis Peláez,Como TOCAR No hay nadie mas en GUITARRA (how to play My Only One)-Sebastian Yatra,https://www.youtube.com/watch?v=Bj_Gy9kHjQM&pp=ygUgbm8gaGF5IG5hZGllIG1hcyAtIHJhbW9uIG9ybGFuZG8%3D,hace 8 a,27000.0,3.08,93.75
Ramón Orlando - Topic,Nadie Muere De Amor,https://www.youtube.com/watch?v=t477SSN0Jxs&list=RDt477SSN0Jxs&start_radio=1&pp=ygUgbm8gaGF5IG5hZGllIG1hcyAtIHJhbW9uIG9ybGFuZG-gBwE%3D,---,14000.0,1.6,48.61
PABLO VARGAS  ANALIZANDO CANTANTES,RAMÓN ORLANDO ENSEÑA A LOS RUSOS COMO SE TOCA EL MERENGUE SINFÓNICO,https://www.youtube.com/watch?v=7pfIIrrtZ3s&pp=ygUgbm8gaGF5IG5hZGllIG1hcyAtIHJhbW9uIG9ybGFuZG8%3D,hace 3 m,57000.0,6.51,197.91
Manolo Ozuna DG,"RAMÓN ORLANDO: LO QUE NO SABÍAS DE RUBBY PÉREZ Y LO MEJOR DE ÉL MISMO, ¡SORPRESAS!😮",https://www.youtube.com/watch?v=K-2ikKo7czs&pp=ygUgbm8gaGF5IG5hZGllIG1hcyAtIHJhbW9uIG9ybGFuZG8%3D,hace 1 a,68000.0,7.76,236.1
LA BANDA,"LA BANDA - NO HAY NADIE MÁS (""Es La Banda"" Live Album)",https://www.youtube.com/watch?v=hE_UwF-KuMA&list=RDhE_UwF-KuMA&start_radio=1&pp=ygUgbm8gaGF5IG5hZGllIG1hcyAtIHJhbW9uIG9ybGFuZG-gBwE%3D,hace 3 a,5100.0,0.58,17.71
DJ Intokable,Ramón Orlando | De Que Me Sirvió Quererte (2001),https://www.youtube.com/watch?v=nd198zSLM18&list=RDnd198zSLM18&start_radio=1&pp=ygUgbm8gaGF5IG5hZGllIG1hcyAtIHJhbW9uIG9ybGFuZG-gBwE%3D,hace 1 a,1000.0,0.11,3.47
Shayra Ramírez,"Ramón Orlando Valoy «Las mil maneras» Berlin, NJ. 23 de noviembre, 2024",https://www.youtube.com/watch?v=8QPW6gLdVMg&list=RD8QPW6gLdVMg&start_radio=1&pp=ygUgbm8gaGF5IG5hZGllIG1hcyAtIHJhbW9uIG9ybGFuZG-gBwE%3D,hace 1 a,708.0,0.08,2.46
Lisandro Taveras,Ramon Orlando - No Me Importa No,https://www.youtube.com/watch?v=ffnrj4owW0Y&list=RDffnrj4owW0Y&start_radio=1&pp=ygUgbm8gaGF5IG5hZGllIG1hcyAtIHJhbW9uIG9ybGFuZG-gBwE%3D,hace 8 a,5300.0,0.61,18.4
José Peguero,Ramón Orlando no se arrepiente de aquella canción,https://www.youtube.com/watch?v=3SflEVvRzlk&pp=ygUgbm8gaGF5IG5hZGllIG1hcyAtIHJhbW9uIG9ybGFuZG8%3D,hace 7 a,3100.0,0.35,10.76
DJ CHARLY,Los Sobrevivientes Presentan - Ramon Orlando En Vivo (Fiesta En Barco),https://www.youtube.com/watch?v=5g9p4wrH8DI&list=RD5g9p4wrH8DI&start_radio=1&pp=ygUgbm8gaGF5IG5hZGllIG1hcyAtIHJhbW9uIG9ybGFuZG-gBwE%3D,hace 7 a,36000.0,4.11,125.0
DJ Intokable,Ramón Orlando | Cabecita Loca (2001),https://www.youtube.com/watch?v=B12lE75DEIw&list=RDB12lE75DEIw&start_radio=1&pp=ygUgbm8gaGF5IG5hZGllIG1hcyAtIHJhbW9uIG9ybGFuZG-gBwHSBwkJAwsBhyohjO8%3D,hace 1 a,548.0,0.06,1.9
Egis & Vanessa,Egi & Jurgita | Pablo Dazán - No hay nadie mas (DJ Alejandro Bachata Remix) | Bachata Choreography,https://www.youtube.com/watch?v=Vhes1jff6uE&list=RDVhes1jff6uE&start_radio=1&pp=ygUgbm8gaGF5IG5hZGllIG1hcyAtIHJhbW9uIG9ybGFuZG-gBwE%3D,hace 5 a,10000.0,1.14,34.72
DJ Intokable,Ramón Orlando | Diciembre Party (2001),https://www.youtube.com/watch?v=yzDb4cvojow&list=RDyzDb4cvojow&start_radio=1&pp=ygUgbm8gaGF5IG5hZGllIG1hcyAtIHJhbW9uIG9ybGFuZG-gBwE%3D,hace 1 a,1200.0,0.14,4.17
JoseitoAcordes,Como tocar no hay nadie mas de Sebastian Yatra. En Cuatro Venezolano,https://www.youtube.com/watch?v=yU9grSpvPLY&pp=ygUgbm8gaGF5IG5hZGllIG1hcyAtIHJhbW9uIG9ybGFuZG8%3D,hace 8 a,14000.0,1.6,48.61
VCLK PRODUCCION,VOY RAMON ORLANDO KARAOKE (Desvocalizado),https://www.youtube.com/watch?v=dyJVm_B5BjM&list=RDdyJVm_B5BjM&start_radio=1&pp=ygUgbm8gaGF5IG5hZGllIG1hcyAtIHJhbW9uIG9ybGFuZG-gBwE%3D,hace 5 a,4100.0,0.47,14.24
Shayra Ramírez,"Ramón Orlando Valoy «El venao» Berlin, NJ. 23 de noviembre, 2024",https://www.youtube.com/watch?v=-cGBwtwB9kI&list=RD-cGBwtwB9kI&start_radio=1&pp=ygUgbm8gaGF5IG5hZGllIG1hcyAtIHJhbW9uIG9ybGFuZG-gBwHSBwkJAwsBhyohjO8%3D,hace 1 a,235.0,0.03,0.82
demibarrio,Ramón Orlando: el hombre más romántico de todos los tiempos,https://www.youtube.com/watch?v=QAFzT8Ur4Lo&list=RDQAFzT8Ur4Lo&start_radio=1&pp=ygUgbm8gaGF5IG5hZGllIG1hcyAtIHJhbW9uIG9ybGFuZG-gBwE%3D,hace 1 a,1000.0,0.11,3.47
Chris Monestel,No Hay Nadie Más - Sebastian Yatra / Bass Cover,https://www.youtube.com/watch?v=aonXDxnxg8E&list=RDaonXDxnxg8E&start_radio=1&pp=ygUgbm8gaGF5IG5hZGllIG1hcyAtIHJhbW9uIG9ybGFuZG-gBwHSBwkJAwsBhyohjO8%3D,hace 3 a,1900.0,0.22,6.6
Eduardo de León Oficial,Cuando Nadie Me Vio Caer | La Canción Que Está Haciendo Llorar a Todos - Marc Anthony,https://www.youtube.com/watch?v=C_auuk6bzvI&list=RDC_auuk6bzvI&start_radio=1&pp=ygUgbm8gaGF5IG5hZGllIG1hcyAtIHJhbW9uIG9ybGFuZG-gBwE%3D,hace 1 día,599.0,24.96,2.08
Henry Garcia - Topic,"Amor De Todos, Corazón De Nadie",https://www.youtube.com/watch?v=6Z3yafTm4rk&list=RD6Z3yafTm4rk&start_radio=1&pp=ygUgbm8gaGF5IG5hZGllIG1hcyAtIHJhbW9uIG9ybGFuZG-gBwE%3D,---,0.0,0.0,0.0
CARLOSA,"Ramon Orlando 2024 MIX Las Mejores Canciones - Te Compro Tu Novia, Mamá, No Voy A Volver A Llora...",https://www.youtube.com/watch?v=W1tGr_MirT0&list=RDW1tGr_MirT0&start_radio=1&pp=ygUgbm8gaGF5IG5hZGllIG1hcyAtIHJhbW9uIG9ybGFuZG-gBwE%3D,hace 1 a,511.0,0.06,1.77
Liana Veda,"""No Hay Nadie Mas"" Zumba®️ Choreo by Liana Veda #zumba #dancefitness #lianaveda #merengue",https://www.youtube.com/watch?v=ZIRF4yMu5ZA&list=RDZIRF4yMu5ZA&start_radio=1&pp=ygUgbm8gaGF5IG5hZGllIG1hcyAtIHJhbW9uIG9ybGFuZG-gBwE%3D,hace 5 a,1300.0,0.15,4.51
